,Accuracy,Accuracy_0,AverageDeviation,AverageDeviation_0,CoefficientOfVariation,CoefficientOfVariation_0,StandardDeviation,StandardDeviation_0
0,67.41573033707866,61.81818181818181,7.515376091003418,7.5148515701293945,1.5634571313858032,1.4758541584014893,11.749968528747559,11.090825080871582
