,Accuracy,Accuracy_0,AverageDeviation,AverageDeviation_0,CoefficientOfVariation,CoefficientOfVariation_0,StandardDeviation,StandardDeviation_0
0,57.67790262172284,50.90909090909091,36.581199645996094,34.88517379760742,1.7948306798934937,1.7483041286468506,65.65705871582031,60.98989486694336
