,Accuracy,Accuracy_0,AverageDeviation,AverageDeviation_0,CoefficientOfVariation,CoefficientOfVariation_0,StandardDeviation,StandardDeviation_0
0,75.47892720306514,69.66824644549763,7.064463698407239,6.169696800629675,1.5323438319653595,1.6156977922071227,10.825187374397524,9.968365499364714
