,Accuracy,Accuracy_0,AverageDeviation,AverageDeviation_0,CoefficientOfVariation,CoefficientOfVariation_0,StandardDeviation,StandardDeviation_0
0,72.28464419475655,67.43119266055045,13.687581062316895,12.546953201293945,1.6627177000045776,1.4955803155899048,22.758583068847656,18.764976501464844
