,Accuracy,Accuracy_0,AverageDeviation,AverageDeviation_0,CoefficientOfVariation,CoefficientOfVariation_0,StandardDeviation,StandardDeviation_0
0,63.29588014981273,56.75675675675676,7.858220100402832,4.425458908081055,2.215461492538452,1.6403312683105469,17.409584045410156,7.259218692779541
