,Accuracy,Accuracy_0,AverageDeviation,AverageDeviation_0,CoefficientOfVariation,CoefficientOfVariation_0,StandardDeviation,StandardDeviation_0
0,73.18007662835248,72.58883248730965,15.076210439730422,14.170106334976742,1.419875813543174,1.4308241781534163,21.406346563260325,20.274930751089617
