,Origin,Predict
0,15.0,10.497795
1,13.4,15.119337
2,12.0,9.3959875
3,0.0,1.7067959
4,0.0,2.239815
5,13.8,13.072793
6,17.1,14.625989
7,16.0,17.023577
8,15.0,16.23296
9,14.6,13.408678
10,0.0,5.060919
11,0.0,2.1224318
12,13.0,12.842683
13,18.0,16.510536
14,19.6,23.116674
15,21.7,21.444822
16,20.3,23.80982
17,18.3,15.60133
18,0.0,2.0956502
19,17.0,15.756478
20,15.0,13.863892
21,17.0,17.613384
22,15.0,15.089027
23,15.0,16.317812
24,12.2,11.680083
25,0.0,0.5607467
26,21.0,19.733578
27,15.0,15.471932
28,16.8,15.839198
29,18.8,17.837719
