,Accuracy,Accuracy_0,AverageDeviation,AverageDeviation_0,CoefficientOfVariation,CoefficientOfVariation_0,StandardDeviation,StandardDeviation_0
0,70.0374531835206,65.929203539823,16.645183563232422,16.072683334350586,2.02605938911438,2.0095043182373047,33.72412872314453,32.298126220703125
