,Accuracy,Accuracy_0,AverageDeviation,AverageDeviation_0,CoefficientOfVariation,CoefficientOfVariation_0,StandardDeviation,StandardDeviation_0
0,78.27715355805243,75.46296296296296,1.4716383218765259,0.9436258673667908,2.0341970920562744,1.7811273336410522,2.9936025142669678,1.6807178258895874
