,Accuracy,Accuracy_0,AverageDeviation,AverageDeviation_0,CoefficientOfVariation,CoefficientOfVariation_0,StandardDeviation,StandardDeviation_0
0,58.80149812734082,53.125,23.561248779296875,112.16142272949219,2.571887254714966,1.2991743087768555,60.59687805175781,145.7172393798828
