,Accuracy,Accuracy_0,AverageDeviation,AverageDeviation_0,CoefficientOfVariation,CoefficientOfVariation_0,StandardDeviation,StandardDeviation_0
0,68.19923371647509,65.9090909090909,4.500294989952639,4.8635670867833225,1.4928296223326725,1.3948867506928109,6.718173670236617,6.784125290459689
