,Accuracy,Accuracy_0,AverageDeviation,AverageDeviation_0,CoefficientOfVariation,CoefficientOfVariation_0,StandardDeviation,StandardDeviation_0
0,69.28838951310861,88.0,22.661584854125977,127.47927856445312,2.9931671619415283,1.400747537612915,67.82991027832031,178.5662841796875
