,Accuracy,Accuracy_0,AverageDeviation,AverageDeviation_0,CoefficientOfVariation,CoefficientOfVariation_0,StandardDeviation,StandardDeviation_0
0,74.15730337078652,68.22429906542055,4.859918594360352,5.371452331542969,1.4915169477462769,1.4192371368408203,7.248651027679443,7.623364448547363
