,Accuracy,Accuracy_0,AverageDeviation,AverageDeviation_0,CoefficientOfVariation,CoefficientOfVariation_0,StandardDeviation,StandardDeviation_0
0,70.0374531835206,63.31658291457286,3.4985108375549316,3.373901605606079,1.559377908706665,1.4832316637039185,5.455500602722168,5.00427770614624
