,Accuracy,Accuracy_0,AverageDeviation,AverageDeviation_0,CoefficientOfVariation,CoefficientOfVariation_0,StandardDeviation,StandardDeviation_0
0,57.30337078651685,70.0,6.394337177276611,22.36285400390625,2.402475357055664,1.2426390647888184,15.362237930297852,27.788955688476562
