,Accuracy,Accuracy_0,AverageDeviation,AverageDeviation_0,CoefficientOfVariation,CoefficientOfVariation_0,StandardDeviation,StandardDeviation_0
0,59.00383141762452,58.108108108108105,17.90966724772506,31.890406696216477,1.9535781590219843,1.4239260111379033,34.98793477050705,45.40957960050901
