,Accuracy,Accuracy_0,AverageDeviation,AverageDeviation_0,CoefficientOfVariation,CoefficientOfVariation_0,StandardDeviation,StandardDeviation_0
0,71.64750957854406,72.66666666666667,4.307220945047694,4.095532972971597,1.523093501967998,1.5075622987750772,6.560300232942603,6.174271103442187
