,Accuracy,Accuracy_0,AverageDeviation,AverageDeviation_0,CoefficientOfVariation,CoefficientOfVariation_0,StandardDeviation,StandardDeviation_0
0,73.40823970037454,69.19642857142857,15.029169082641602,13.93397331237793,1.6284350156784058,1.5573033094406128,24.47402572631836,21.69942283630371
