,Origin,Predict
0,37.8,38.965145
1,0.0,0.38532963
2,38.2,40.46775
3,35.9,39.33518
4,34.5,34.43342
5,33.4,32.680954
6,36.0,38.56317
7,35.2,36.872566
8,0.0,1.4813775
9,33.8,33.645073
10,31.7,30.376793
11,32.5,31.133492
12,32.1,30.447346
13,29.7,30.17531
14,29.5,28.099176
15,0.0,1.674588
16,23.8,24.74057
17,19.1,19.106823
18,14.9,16.781929
19,14.9,16.437315
20,16.5,14.01965
21,22.4,20.229084
22,0.0,2.2263124
23,19.6,19.609848
24,13.4,15.410328
25,14.0,14.337761
26,14.2,14.789641
27,13.5,13.921205
28,13.5,17.177029
29,0.0,8.050426
