,Accuracy,Accuracy_0,AverageDeviation,AverageDeviation_0,CoefficientOfVariation,CoefficientOfVariation_0,StandardDeviation,StandardDeviation_0
0,74.32950191570882,69.30232558139535,15.02869826477606,12.376031505673433,1.5379599244989104,1.352360769183417,23.113535648611894,16.736859486450726
