,Accuracy,Accuracy_0,AverageDeviation,AverageDeviation_0,CoefficientOfVariation,CoefficientOfVariation_0,StandardDeviation,StandardDeviation_0
0,60.67415730337079,60.60606060606061,3.32492733001709,7.087149620056152,2.1297290325164795,1.323107361793518,7.0811944007873535,9.377059936523438
