,Accuracy,Accuracy_0,AverageDeviation,AverageDeviation_0,CoefficientOfVariation,CoefficientOfVariation_0,StandardDeviation,StandardDeviation_0
0,66.66666666666666,69.29133858267717,16.702699661254883,20.592439651489258,1.5805240869522095,1.424802541732788,26.399019241333008,29.340160369873047
