,Origin,Predict
0,106.3,85.50444
1,94.5,96.09218
2,89.6,96.68929
3,80.0,84.05048
4,85.0,124.89474
5,103.5,61.684067
6,0.0,35.818634
7,99.0,104.24001
8,95.0,94.49276
9,104.5,111.60668
10,120.0,114.59535
11,128.4,109.42014
12,0.0,22.972792
13,0.0,3.8522544
14,110.0,82.90325
15,0.0,45.219017
16,136.9,76.22212
17,105.0,126.158264
18,120.0,120.20737
19,0.0,5.9680567
20,0.0,12.220432
21,90.0,134.48976
22,135.0,85.918495
23,0.0,44.981174
24,100.0,59.108135
25,120.0,93.80943
26,0.0,13.037072
27,0.0,22.258793
28,0.0,16.65765
29,0.0,5.7852955
