,Origin,Predict
0,0.0,1.369272
1,38.5,43.718746
2,34.5,36.24812
3,35.0,28.854723
4,38.1,43.853405
5,36.4,40.976284
6,41.7,40.149597
7,0.0,7.965744
8,46.7,45.671074
9,50.1,49.07891
10,43.3,45.5736
11,44.2,43.51565
12,38.0,33.621464
13,28.0,34.806896
14,0.0,4.2104254
15,46.0,40.22364
16,36.3,42.829853
17,30.0,35.36428
18,47.1,43.168816
19,35.0,39.345634
20,38.6,36.96585
21,0.0,0.6912914
22,37.0,39.14214
23,51.5,53.044403
24,50.7,47.37911
25,44.9,45.361233
26,38.0,42.44128
27,44.7,43.940434
28,0.0,2.292216
29,43.5,43.21948
