,Accuracy,Accuracy_0,AverageDeviation,AverageDeviation_0,CoefficientOfVariation,CoefficientOfVariation_0,StandardDeviation,StandardDeviation_0
0,60.67415730337079,55.55555555555556,13.042932510375977,11.290138244628906,1.7303673028945923,1.6630303859710693,22.569063186645508,18.775842666625977
