,Accuracy,Accuracy_0,AverageDeviation,AverageDeviation_0,CoefficientOfVariation,CoefficientOfVariation_0,StandardDeviation,StandardDeviation_0
0,79.7752808988764,74.5,4.9853925704956055,4.872158527374268,1.8029961585998535,1.8043490648269653,8.988643646240234,8.791074752807617
