,Accuracy,Accuracy_0,AverageDeviation,AverageDeviation_0,CoefficientOfVariation,CoefficientOfVariation_0,StandardDeviation,StandardDeviation_0
0,62.45210727969349,74.15730337078652,6.153695300183086,9.342794104908291,1.6391691640524357,1.489652070072744,10.086947581034512,13.917512578640066
