,Origin,Predict
0,0.0,3.5651176
1,0.0,4.036324
2,0.0,3.0906024
3,0.0,1.5473061
4,0.0,6.077015
5,35.1,25.062668
6,0.0,8.237439
7,0.0,1.7032297
8,0.0,0.5444536
9,0.0,2.4172873
10,0.0,1.6765078
11,0.0,3.2735813
12,0.0,3.9598603
13,0.0,2.562609
14,0.0,0.5444769
15,0.0,0.46557763
16,0.0,0.9664459
17,0.0,1.7773856
18,0.0,0.6814108
19,0.0,3.4653246
20,0.0,3.1560001
21,0.0,1.1318048
22,0.0,0.78695744
23,0.0,3.0601702
24,0.0,1.981955
25,0.0,1.1192697
26,0.0,0.35303807
27,0.0,2.908313
28,0.0,2.6985462
29,0.0,2.003754
