,Origin,Predict
0,0.0,0.13593948
1,0.0,0.07086245
2,0.0,0.13275675
3,0.0,0.07815732
4,0.0,0.049058184
5,0.0,0.07639546
6,0.0,0.008079002
7,0.0,0.05541582
8,0.0,0.10289869
9,0.0,0.21872573
10,0.0,0.08183044
11,0.0,0.22287747
12,0.0,0.21655282
13,0.0,0.17412335
14,0.0,0.29628447
15,0.0,0.21605036
16,0.0,0.28498307
17,0.0,0.21433172
18,0.0,0.18689153
19,0.0,0.13509837
20,0.0,0.06267165
21,0.0,0.12131204
22,0.0,0.08827288
23,0.0,0.018636405
24,0.0,0.06250857
25,0.0,0.020260107
26,0.0,0.060090326
27,0.0,0.21738017
28,0.0,0.05090512
29,0.0,0.011065842
