,Accuracy,Accuracy_0,AverageDeviation,AverageDeviation_0,CoefficientOfVariation,CoefficientOfVariation_0,StandardDeviation,StandardDeviation_0
0,70.0374531835206,69.49152542372882,24.672300338745117,40.674556732177734,1.6348793506622314,1.3193122148513794,40.33623504638672,53.662437438964844
