,Accuracy,Accuracy_0,AverageDeviation,AverageDeviation_0,CoefficientOfVariation,CoefficientOfVariation_0,StandardDeviation,StandardDeviation_0
0,73.18007662835248,75.90361445783132,8.563051605266716,8.169767077285123,1.3904414324388217,1.3337767789688808,11.906421740074604,10.896645617267358
