,Accuracy,Accuracy_0,AverageDeviation,AverageDeviation_0,CoefficientOfVariation,CoefficientOfVariation_0,StandardDeviation,StandardDeviation_0
0,66.66666666666666,67.6056338028169,8.626357685994371,7.97676065077244,1.5427671454362248,1.7127878465908652,13.308461222733374,13.662498697807276
