,Accuracy,Accuracy_0,AverageDeviation,AverageDeviation_0,CoefficientOfVariation,CoefficientOfVariation_0,StandardDeviation,StandardDeviation_0
0,81.22605363984674,77.72277227722772,8.109954940861666,6.951553963198521,1.466227807868162,1.4689567160932098,11.891041454849171,10.211531881524836
