,Accuracy,Accuracy_0,AverageDeviation,AverageDeviation_0,CoefficientOfVariation,CoefficientOfVariation_0,StandardDeviation,StandardDeviation_0
0,78.16091954022988,76.40449438202246,9.596809741497836,8.87766483671377,1.5540315937856428,1.5199836590130082,14.913745537837464,13.493905481999317
