,Accuracy,Accuracy_0,AverageDeviation,AverageDeviation_0,CoefficientOfVariation,CoefficientOfVariation_0,StandardDeviation,StandardDeviation_0
0,84.67432950191571,82.77511961722487,21.20558825114677,17.446330684680113,1.51621373153587,1.4858768275314373,32.152204091684446,25.923098489816855
