,Accuracy,Accuracy_0,AverageDeviation,AverageDeviation_0,CoefficientOfVariation,CoefficientOfVariation_0,StandardDeviation,StandardDeviation_0
0,68.16479400749064,65.94202898550725,6.123614311218262,7.4180216789245605,1.7541048526763916,1.5894441604614258,10.741461753845215,11.790531158447266
