,Accuracy,Accuracy_0,AverageDeviation,AverageDeviation_0,CoefficientOfVariation,CoefficientOfVariation_0,StandardDeviation,StandardDeviation_0
0,70.4119850187266,65.77777777777779,6.190644264221191,5.436138153076172,1.6429985761642456,1.4267191886901855,10.171219825744629,7.755842685699463
