,Accuracy,Accuracy_0,AverageDeviation,AverageDeviation_0,CoefficientOfVariation,CoefficientOfVariation_0,StandardDeviation,StandardDeviation_0
0,61.04868913857678,68.50393700787401,6.240778923034668,7.813782691955566,1.829239845275879,1.3304359912872314,11.415881156921387,10.395737648010254
