,Accuracy,Accuracy_0,AverageDeviation,AverageDeviation_0,CoefficientOfVariation,CoefficientOfVariation_0,StandardDeviation,StandardDeviation_0
0,53.25670498084292,70.83333333333334,2.485268684802131,15.808169881502787,3.069255387035389,1.273974852969562,7.6279242990592975,20.139210900505372
