,Accuracy,Accuracy_0,AverageDeviation,AverageDeviation_0,CoefficientOfVariation,CoefficientOfVariation_0,StandardDeviation,StandardDeviation_0
0,67.41573033707866,73.88888888888889,2739.546142578125,3467.44580078125,1.6518851518630981,1.3618500232696533,4525.41552734375,4722.14111328125
