,Accuracy,Accuracy_0,AverageDeviation,AverageDeviation_0,CoefficientOfVariation,CoefficientOfVariation_0,StandardDeviation,StandardDeviation_0
0,77.39463601532567,73.11320754716981,5.112299898186863,4.8315185007059345,1.393602091332237,1.37659004915565,7.124511829630793,6.651020290383214
