,Accuracy,Accuracy_0,AverageDeviation,AverageDeviation_0,CoefficientOfVariation,CoefficientOfVariation_0,StandardDeviation,StandardDeviation_0
0,69.28838951310861,64.0,3.8519392013549805,3.5549395084381104,1.8068952560424805,1.814254879951477,6.960050582885742,6.44956636428833
