,Accuracy,Accuracy_0,AverageDeviation,AverageDeviation_0,CoefficientOfVariation,CoefficientOfVariation_0,StandardDeviation,StandardDeviation_0
0,47.940074906367045,58.620689655172406,13.172029495239258,28.98168182373047,2.110088586807251,1.3931329250335693,27.79414939880371,40.375335693359375
