,Accuracy,Accuracy_0,AverageDeviation,AverageDeviation_0,CoefficientOfVariation,CoefficientOfVariation_0,StandardDeviation,StandardDeviation_0
0,70.88122605363985,70.08547008547008,3.776681123007003,3.7783509604951258,1.4013017966586099,1.4854352068886536,5.29227004307637,5.61249554070102
