,Accuracy,Accuracy_0,AverageDeviation,AverageDeviation_0,CoefficientOfVariation,CoefficientOfVariation_0,StandardDeviation,StandardDeviation_0
0,71.91011235955057,66.66666666666666,8.758856773376465,11.187972068786621,1.5468708276748657,1.351454257965088,13.548820495605469,15.12003231048584
