,Accuracy,Accuracy_0,AverageDeviation,AverageDeviation_0,CoefficientOfVariation,CoefficientOfVariation_0,StandardDeviation,StandardDeviation_0
0,59.925093632958806,57.89473684210527,4.687252044677734,6.015339374542236,1.8221436738967896,1.6128087043762207,8.540846824645996,9.701591491699219
