,Accuracy,Accuracy_0,AverageDeviation,AverageDeviation_0,CoefficientOfVariation,CoefficientOfVariation_0,StandardDeviation,StandardDeviation_0
0,63.2183908045977,63.829787234042556,6.396560214963024,13.109581467953134,2.0188510450363357,1.4978256110393686,12.91370227461595,19.635866872707286
