,Origin,Predict
0,0.0,6.923374
1,0.0,6.9916153
2,0.0,2.7946236
3,0.0,0.45811495
4,0.0,0.11664014
5,0.0,3.2304308
6,0.0,2.9769535
7,0.0,7.2834263
8,0.0,11.612339
9,0.0,12.136397
10,0.0,2.8397944
11,0.0,12.469038
12,0.0,15.869315
13,50.0,3.7304773
14,0.0,4.4753833
15,0.0,6.596439
16,0.0,11.208796
17,0.0,16.069605
18,50.0,19.529068
19,0.0,16.223633
20,0.0,5.7461777
21,0.0,0.052193705
22,0.0,2.1963713
23,0.0,3.1080391
24,0.0,7.863243
25,0.0,9.884318
26,0.0,5.351397
27,0.0,3.9182873
28,0.0,1.0744256
29,0.0,2.361336
