,Accuracy,Accuracy_0,AverageDeviation,AverageDeviation_0,CoefficientOfVariation,CoefficientOfVariation_0,StandardDeviation,StandardDeviation_0
0,64.36781609195403,57.14285714285714,2.909201001141834,2.9293935341494426,1.5796966592251627,1.6428898480523713,4.595655102518254,4.812670898204376
