,Accuracy,Accuracy_0,AverageDeviation,AverageDeviation_0,CoefficientOfVariation,CoefficientOfVariation_0,StandardDeviation,StandardDeviation_0
0,65.13409961685824,79.66101694915254,3.561399881552077,8.154214908308901,2.179642607039047,1.3707594965748486,7.762578922534721,11.177467522676636
