,Accuracy,Accuracy_0,AverageDeviation,AverageDeviation_0,CoefficientOfVariation,CoefficientOfVariation_0,StandardDeviation,StandardDeviation_0
0,81.22605363984674,78.50467289719626,9.758647547690805,8.805066921554996,1.3605186600961678,1.3592374458429852,13.276822085935049,11.96817667293097
