,Accuracy,Accuracy_0,AverageDeviation,AverageDeviation_0,CoefficientOfVariation,CoefficientOfVariation_0,StandardDeviation,StandardDeviation_0
0,73.9463601532567,72.91666666666666,9.123400779049911,9.865244472026825,1.7732389596914024,1.914548526536544,16.177969706290195,18.887489267841744
