,Accuracy,Accuracy_0,AverageDeviation,AverageDeviation_0,CoefficientOfVariation,CoefficientOfVariation_0,StandardDeviation,StandardDeviation_0
0,70.11494252873564,65.02463054187191,1.9044135368418424,1.7927289577540504,1.470873071297311,1.451866868327805,2.801150587954736,2.6028037776549433
