,Accuracy,Accuracy_0,AverageDeviation,AverageDeviation_0,CoefficientOfVariation,CoefficientOfVariation_0,StandardDeviation,StandardDeviation_0
0,56.17977528089888,46.666666666666664,2.4265995025634766,6.753972053527832,2.6001665592193604,1.6855334043502808,6.309563159942627,11.384045600891113
