,Accuracy,Accuracy_0,AverageDeviation,AverageDeviation_0,CoefficientOfVariation,CoefficientOfVariation_0,StandardDeviation,StandardDeviation_0
0,69.66292134831461,69.76744186046511,4.829735279083252,5.632270812988281,1.8905848264694214,1.677703857421875,9.131024360656738,9.4492826461792
