,Accuracy,Accuracy_0,AverageDeviation,AverageDeviation_0,CoefficientOfVariation,CoefficientOfVariation_0,StandardDeviation,StandardDeviation_0
0,66.29213483146067,62.23776223776224,6.964254379272461,9.925888061523438,2.0252091884613037,1.7415597438812256,14.104072570800781,17.286527633666992
