,Accuracy,Accuracy_0,AverageDeviation,AverageDeviation_0,CoefficientOfVariation,CoefficientOfVariation_0,StandardDeviation,StandardDeviation_0
0,57.08812260536399,70.17543859649122,4.199181789534936,11.444719538432468,2.508535477891891,1.5723540602245745,10.533796497165948,17.99515123438581
