,Accuracy,Accuracy_0,AverageDeviation,AverageDeviation_0,CoefficientOfVariation,CoefficientOfVariation_0,StandardDeviation,StandardDeviation_0
0,61.04868913857678,55.55555555555556,8.068473815917969,8.458168029785156,1.5033352375030518,1.4020757675170898,12.129620552062988,11.858992576599121
