,Accuracy,Accuracy_0,AverageDeviation,AverageDeviation_0,CoefficientOfVariation,CoefficientOfVariation_0,StandardDeviation,StandardDeviation_0
0,73.03370786516854,70.44334975369459,10.512243270874023,9.718110084533691,1.5426326990127563,1.5183480978012085,16.216529846191406,14.755474090576172
