,Accuracy,Accuracy_0,AverageDeviation,AverageDeviation_0,CoefficientOfVariation,CoefficientOfVariation_0,StandardDeviation,StandardDeviation_0
0,65.91760299625467,78.72340425531915,7.426509857177734,25.071664810180664,2.116849422454834,1.2475687265396118,15.720803260803223,31.278623580932617
