,Accuracy,Accuracy_0,AverageDeviation,AverageDeviation_0,CoefficientOfVariation,CoefficientOfVariation_0,StandardDeviation,StandardDeviation_0
0,69.28838951310861,66.88311688311688,5.875141143798828,6.462065696716309,1.4451422691345215,1.338861107826233,8.4904146194458,8.651808738708496
