,Accuracy,Accuracy_0,AverageDeviation,AverageDeviation_0,CoefficientOfVariation,CoefficientOfVariation_0,StandardDeviation,StandardDeviation_0
0,68.16479400749064,62.5,6.781470775604248,4.957250118255615,1.8420040607452393,1.4000475406646729,12.491497039794922,6.940385818481445
