,Accuracy,Accuracy_0,AverageDeviation,AverageDeviation_0,CoefficientOfVariation,CoefficientOfVariation_0,StandardDeviation,StandardDeviation_0
0,70.88122605363985,65.59633027522935,4.428714124053374,4.313680909970485,1.4337323704746425,1.4382360686411273,6.3495907992335745,6.204091473328232
