,Accuracy,Accuracy_0,AverageDeviation,AverageDeviation_0,CoefficientOfVariation,CoefficientOfVariation_0,StandardDeviation,StandardDeviation_0
0,62.92134831460674,62.82051282051282,3.4434831142425537,5.713520526885986,2.2796335220336914,1.5054516792297363,7.849879741668701,8.601428985595703
