,Accuracy,Accuracy_0,AverageDeviation,AverageDeviation_0,CoefficientOfVariation,CoefficientOfVariation_0,StandardDeviation,StandardDeviation_0
0,71.26436781609196,66.19047619047619,6.101557055857902,4.854968018304735,1.7837102856682936,1.5198625333532567,10.88341007912569,7.378883991649675
