,Accuracy,Accuracy_0,AverageDeviation,AverageDeviation_0,CoefficientOfVariation,CoefficientOfVariation_0,StandardDeviation,StandardDeviation_0
0,69.66292134831461,66.49484536082474,18.215869903564453,17.84112548828125,1.7477140426635742,1.7206116914749146,31.836132049560547,30.697649002075195
