,Accuracy,Accuracy_0,AverageDeviation,AverageDeviation_0,CoefficientOfVariation,CoefficientOfVariation_0,StandardDeviation,StandardDeviation_0
0,70.78651685393258,66.81818181818183,11.051880836486816,8.569822311401367,1.9102195501327515,1.7547197341918945,21.11151885986328,15.037636756896973
