,Accuracy,Accuracy_0,AverageDeviation,AverageDeviation_0,CoefficientOfVariation,CoefficientOfVariation_0,StandardDeviation,StandardDeviation_0
0,72.28464419475655,66.66666666666666,3.3563833236694336,2.7891292572021484,1.9210877418518066,2.1858866214752197,6.447906970977783,6.096720218658447
