,Accuracy,Accuracy_0,AverageDeviation,AverageDeviation_0,CoefficientOfVariation,CoefficientOfVariation_0,StandardDeviation,StandardDeviation_0
0,68.53932584269663,62.616822429906534,8.9754638671875,8.242399215698242,1.6509907245635986,1.5854160785675049,14.818408012390137,13.067632675170898
