,Origin,Predict
0,21.8,19.584019
1,20.0,17.985155
2,17.9,19.554209
3,16.3,16.08878
4,19.5,22.113274
5,16.8,17.170328
6,0.0,0.1855685
7,21.8,23.696722
8,20.2,21.617195
9,18.4,15.466488
10,16.5,17.886074
11,19.3,23.29428
12,19.3,15.402535
13,0.0,6.5623455
14,21.6,17.58063
15,21.8,22.329828
16,21.4,25.414999
17,24.7,21.324936
18,23.8,23.155344
19,23.4,25.405197
20,24.7,23.194218
21,22.7,25.524815
22,25.4,24.356995
23,19.6,18.010065
24,0.0,1.9455776
25,0.0,1.8707772
26,0.0,0.9323793
27,0.0,0.11770314
28,0.0,1.8547754
29,24.7,16.785822
