,Accuracy,Accuracy_0,AverageDeviation,AverageDeviation_0,CoefficientOfVariation,CoefficientOfVariation_0,StandardDeviation,StandardDeviation_0
0,76.62835249042146,80.31496062992126,20.327552617829426,20.47967073035052,1.5394456045489222,1.3814786743626566,31.293161528754446,28.292228371948337
