,Accuracy,Accuracy_0,AverageDeviation,AverageDeviation_0,CoefficientOfVariation,CoefficientOfVariation_0,StandardDeviation,StandardDeviation_0
0,70.0374531835206,64.97695852534562,4.968441963195801,4.205671787261963,1.9517990350723267,1.8650797605514526,9.697400093078613,7.843913555145264
