,Accuracy,Accuracy_0,AverageDeviation,AverageDeviation_0,CoefficientOfVariation,CoefficientOfVariation_0,StandardDeviation,StandardDeviation_0
0,71.53558052434457,66.50943396226415,19.060781478881836,18.27037811279297,1.3983635902404785,1.349025011062622,26.653902053833008,24.647197723388672
