,Accuracy,Accuracy_0,AverageDeviation,AverageDeviation_0,CoefficientOfVariation,CoefficientOfVariation_0,StandardDeviation,StandardDeviation_0
0,70.49808429118774,70.86614173228347,4.221939940999485,5.040263182628811,1.6229811558926803,1.3609284891033042,6.8521289655528195,6.859437757818039
