,Accuracy,Accuracy_0,AverageDeviation,AverageDeviation_0,CoefficientOfVariation,CoefficientOfVariation_0,StandardDeviation,StandardDeviation_0
0,74.15730337078652,69.36936936936937,1032.59326171875,1059.8251953125,1.3955929279327393,1.310675024986267,1441.079833984375,1389.08642578125
