,Accuracy,Accuracy_0,AverageDeviation,AverageDeviation_0,CoefficientOfVariation,CoefficientOfVariation_0,StandardDeviation,StandardDeviation_0
0,69.66292134831461,70.51282051282051,8.572787284851074,14.894206047058105,1.8083186149597168,1.3845552206039429,15.502330780029297,20.621850967407227
