,Accuracy,Accuracy_0,AverageDeviation,AverageDeviation_0,CoefficientOfVariation,CoefficientOfVariation_0,StandardDeviation,StandardDeviation_0
0,63.984674329501914,59.171597633136095,12.171471103226544,13.101508742958837,1.6604825039975355,1.5846306225123972,20.21051481481926,20.761051955206476
