,Accuracy,Accuracy_0,AverageDeviation,AverageDeviation_0,CoefficientOfVariation,CoefficientOfVariation_0,StandardDeviation,StandardDeviation_0
0,85.0574712643678,82.4074074074074,4.431909989899599,4.2957641632468615,1.4688598023769512,1.521666000239944,6.509854431916361,6.5367182722619415
