,Accuracy,Accuracy_0,AverageDeviation,AverageDeviation_0,CoefficientOfVariation,CoefficientOfVariation_0,StandardDeviation,StandardDeviation_0
0,70.4119850187266,65.72769953051643,14.157462120056152,12.472379684448242,1.5502634048461914,1.4288620948791504,21.947795867919922,17.82131004333496
