,Accuracy,Accuracy_0,AverageDeviation,AverageDeviation_0,CoefficientOfVariation,CoefficientOfVariation_0,StandardDeviation,StandardDeviation_0
0,75.28089887640449,63.70370370370371,24.832170486450195,26.244417190551758,1.2856793403625488,1.2314255237579346,31.92620849609375,32.31804656982422
