,Accuracy,Accuracy_0,AverageDeviation,AverageDeviation_0,CoefficientOfVariation,CoefficientOfVariation_0,StandardDeviation,StandardDeviation_0
0,71.91011235955057,68.46846846846847,2314.526611328125,2257.140380859375,1.3949739933013916,1.3499842882156372,3228.704345703125,3047.10400390625
