,Accuracy,Accuracy_0,AverageDeviation,AverageDeviation_0,CoefficientOfVariation,CoefficientOfVariation_0,StandardDeviation,StandardDeviation_0
0,68.91385767790263,75.15923566878982,108.47868347167969,140.97169494628906,1.6021240949630737,1.356615424156189,173.7963104248047,191.24436950683594
