,Accuracy,Accuracy_0,AverageDeviation,AverageDeviation_0,CoefficientOfVariation,CoefficientOfVariation_0,StandardDeviation,StandardDeviation_0
0,73.78277153558052,69.9074074074074,2754.35546875,2696.52001953125,1.4871939420700073,1.4011365175247192,4096.2607421875,3778.192626953125
