,Accuracy,Accuracy_0,AverageDeviation,AverageDeviation_0,CoefficientOfVariation,CoefficientOfVariation_0,StandardDeviation,StandardDeviation_0
0,81.22605363984674,77.46478873239437,2.9413183641616425,2.5872673151078907,1.471121285693596,1.4226066347832766,4.32703605351966,3.6806636484303996
