,Accuracy,Accuracy_0,AverageDeviation,AverageDeviation_0,CoefficientOfVariation,CoefficientOfVariation_0,StandardDeviation,StandardDeviation_0
0,67.43295019157088,71.11111111111111,4.8104066739284335,10.295241747962104,1.6034378168670864,1.267896336890761,7.71318797548667,13.053299299645985
