,Accuracy,Accuracy_0,AverageDeviation,AverageDeviation_0,CoefficientOfVariation,CoefficientOfVariation_0,StandardDeviation,StandardDeviation_0
0,71.91011235955057,67.87330316742081,18.338586807250977,15.76342487335205,1.8899339437484741,1.658503532409668,34.65871810913086,26.143695831298828
