,Accuracy,Accuracy_0,AverageDeviation,AverageDeviation_0,CoefficientOfVariation,CoefficientOfVariation_0,StandardDeviation,StandardDeviation_0
0,67.79026217228464,67.90123456790124,13.081031799316406,29.51844596862793,2.34248685836792,1.6631252765655518,30.64214515686035,49.092872619628906
