,Accuracy,Accuracy_0,AverageDeviation,AverageDeviation_0,CoefficientOfVariation,CoefficientOfVariation_0,StandardDeviation,StandardDeviation_0
0,74.90636704119851,82.35294117647058,4.156087875366211,13.538907051086426,2.1598851680755615,1.2729543447494507,8.976672172546387,17.234411239624023
