,Accuracy,Accuracy_0,AverageDeviation,AverageDeviation_0,CoefficientOfVariation,CoefficientOfVariation_0,StandardDeviation,StandardDeviation_0
0,68.91385767790263,62.857142857142854,11.010467529296875,10.71542739868164,1.5617759227752686,1.4626851081848145,17.19588279724121,15.673295974731445
