,Accuracy,Accuracy_0,AverageDeviation,AverageDeviation_0,CoefficientOfVariation,CoefficientOfVariation_0,StandardDeviation,StandardDeviation_0
0,70.0374531835206,62.31884057971014,2.8768723011016846,2.303243637084961,1.980345606803894,1.9035648107528687,5.697201251983643,4.384373664855957
