,Accuracy,Accuracy_0,AverageDeviation,AverageDeviation_0,CoefficientOfVariation,CoefficientOfVariation_0,StandardDeviation,StandardDeviation_0
0,73.03370786516854,68.22429906542055,9.515684127807617,9.533273696899414,1.523364543914795,1.4428409337997437,14.495856285095215,13.754997253417969
