,Accuracy,Accuracy_0,AverageDeviation,AverageDeviation_0,CoefficientOfVariation,CoefficientOfVariation_0,StandardDeviation,StandardDeviation_0
0,41.7624521072797,65.625,2.241343199353936,12.14542925474234,3.0423152791412424,1.3317562195616823,6.8188726611937955,16.174750949249518
