,Origin,Predict
0,0.0,0.20960988
1,0.0,0.35387006
2,0.0,0.16655825
3,0.0,0.08333305
4,0.0,0.049066816
5,0.0,0.04242464
6,0.0,0.13165286
7,0.0,0.14994755
8,0.0,0.20260912
9,0.0,0.20746325
10,0.0,0.029759338
11,0.0,0.1700726
12,0.0,0.12229998
13,0.0,0.2609865
14,0.0,0.1168754
15,0.0,0.0061376877
16,0.0,0.011615466
17,0.0,0.29413855
18,0.0,0.61773354
19,0.0,0.32019383
20,0.0,0.38777485
21,0.0,0.18000013
22,0.0,0.27249768
23,0.0,0.14409627
24,0.0,0.31612322
25,0.0,0.55369097
26,0.0,0.18626958
27,0.0,0.43714976
28,0.0,0.30781335
29,0.0,0.5022091
