,Origin,Predict
0,47.4,46.259613
1,46.0,42.616154
2,44.6,46.75541
3,41.6,44.317135
4,47.9,46.394215
5,45.2,44.531216
6,0.0,1.1951493
7,43.8,42.33196
8,45.5,44.48915
9,42.3,42.36317
10,37.0,37.515377
11,32.1,33.277317
12,33.7,33.927425
13,0.0,0.17920807
14,34.5,37.18749
15,32.8,35.289593
16,31.7,30.301453
17,28.2,29.628244
18,25.2,25.624414
19,23.4,23.950731
20,0.0,2.3496442
21,35.7,33.407166
22,23.1,25.60253
23,22.1,23.077755
24,22.3,23.96041
25,23.4,24.166775
26,23.4,23.382793
27,0.0,1.7709274
28,25.7,25.885506
29,21.9,29.949024
