,Accuracy,Accuracy_0,AverageDeviation,AverageDeviation_0,CoefficientOfVariation,CoefficientOfVariation_0,StandardDeviation,StandardDeviation_0
0,75.28089887640449,72.81105990783409,3401.97705078125,3487.832763671875,1.4239695072174072,1.3757601976394653,4844.3115234375,4798.42138671875
