,Accuracy,Accuracy_0,AverageDeviation,AverageDeviation_0,CoefficientOfVariation,CoefficientOfVariation_0,StandardDeviation,StandardDeviation_0
0,77.77777777777779,71.78217821782178,4.409759628487273,3.722175918239179,1.761813524030866,1.3463130084462385,7.769174151194205,5.011213858450729
