,Origin,Predict
0,31.5,34.21171
1,0.0,4.1337028
2,35.6,42.616123
3,40.1,39.17361
4,35.9,39.43928
5,36.7,37.81008
6,38.5,41.96036
7,41.2,38.929462
8,0.0,2.3390071
9,46.4,44.207348
10,43.8,41.764565
11,40.5,40.32015
12,39.7,39.974857
13,39.4,40.71541
14,36.1,34.026386
15,0.0,2.0977862
16,34.1,40.182034
17,40.3,39.135887
18,42.4,40.77723
19,45.9,45.554176
20,45.0,46.777298
21,46.0,42.986713
22,0.0,7.1483755
23,45.3,45.32457
24,46.1,42.21218
25,45.7,43.639362
26,38.6,45.272213
27,37.3,36.25999
28,38.1,36.2016
29,0.0,7.9255857
