,Accuracy,Accuracy_0,AverageDeviation,AverageDeviation_0,CoefficientOfVariation,CoefficientOfVariation_0,StandardDeviation,StandardDeviation_0
0,62.83524904214559,67.0103092783505,9.652568210774172,14.902128510622632,1.6500503878636699,1.4023107064620606,15.927223920068453,20.897414359519637
