,Accuracy,Accuracy_0,AverageDeviation,AverageDeviation_0,CoefficientOfVariation,CoefficientOfVariation_0,StandardDeviation,StandardDeviation_0
0,74.15730337078652,68.4931506849315,2012.556396484375,2024.8759765625,1.436734914779663,1.3954962491989136,2891.510009765625,2825.706787109375
