,Accuracy,Accuracy_0,AverageDeviation,AverageDeviation_0,CoefficientOfVariation,CoefficientOfVariation_0,StandardDeviation,StandardDeviation_0
0,64.41947565543072,63.1578947368421,10.930082321166992,11.362974166870117,1.7388463020324707,1.6127996444702148,19.005733489990234,18.326200485229492
