,Accuracy,Accuracy_0,AverageDeviation,AverageDeviation_0,CoefficientOfVariation,CoefficientOfVariation_0,StandardDeviation,StandardDeviation_0
0,77.15355805243446,71.7948717948718,2.1964921951293945,4.3539838790893555,2.0135488510131836,1.2902309894561768,4.422744274139404,5.617644786834717
