,Accuracy,Accuracy_0,AverageDeviation,AverageDeviation_0,CoefficientOfVariation,CoefficientOfVariation_0,StandardDeviation,StandardDeviation_0
0,56.92883895131086,62.264150943396224,7.089491844177246,12.84600830078125,1.9596593379974365,1.394237995147705,13.892989158630371,17.91039276123047
