,Accuracy,Accuracy_0,AverageDeviation,AverageDeviation_0,CoefficientOfVariation,CoefficientOfVariation_0,StandardDeviation,StandardDeviation_0
0,70.4119850187266,69.90291262135922,4.88261604309082,8.136561393737793,2.0399394035339355,1.5101561546325684,9.960240364074707,12.28747844696045
