,Accuracy,Accuracy_0,AverageDeviation,AverageDeviation_0,CoefficientOfVariation,CoefficientOfVariation_0,StandardDeviation,StandardDeviation_0
0,64.41947565543072,69.35483870967742,37.76957321166992,110.25465393066406,2.2167413234710693,1.4051666259765625,83.72537231445312,154.92616271972656
