,Accuracy,Accuracy_0,AverageDeviation,AverageDeviation_0,CoefficientOfVariation,CoefficientOfVariation_0,StandardDeviation,StandardDeviation_0
0,67.79026217228464,57.14285714285714,5.65936803817749,40.20935821533203,4.27200984954834,1.3748698234558105,24.176876068115234,55.282630920410156
