,Accuracy,Accuracy_0,AverageDeviation,AverageDeviation_0,CoefficientOfVariation,CoefficientOfVariation_0,StandardDeviation,StandardDeviation_0
0,74.71264367816092,77.14285714285715,18.291287241550698,17.576949835277738,1.251428109772359,1.2826001245716174,22.890231017997056,22.544198048316296
