,Origin,Predict
0,45.0,37.09257
1,0.0,12.348759
2,0.0,10.415181
3,0.0,10.521627
4,0.0,0.20993103
5,0.0,6.911017
6,45.0,44.841454
7,45.0,51.523838
8,45.0,43.413116
9,0.0,10.108957
10,45.0,33.931545
11,55.0,56.30412
12,54.8,56.62953
13,54.8,54.44364
14,45.0,49.44771
15,54.8,54.048626
16,0.0,1.6852261
17,0.0,2.542094
18,54.8,43.700912
19,53.2,55.35161
20,54.8,54.89725
21,45.0,45.018448
22,55.0,53.213684
23,0.0,10.890622
24,45.0,39.014717
25,54.8,63.513676
26,55.0,46.03078
27,54.8,64.778496
28,54.8,49.492935
29,54.8,48.838135
