,Accuracy,Accuracy_0,AverageDeviation,AverageDeviation_0,CoefficientOfVariation,CoefficientOfVariation_0,StandardDeviation,StandardDeviation_0
0,62.45210727969349,55.55555555555556,1.0168109531060283,8.808924135896895,2.6860361406280577,1.2991466331569723,2.7311909682292534,11.444084132885642
