,Accuracy,Accuracy_0,AverageDeviation,AverageDeviation_0,CoefficientOfVariation,CoefficientOfVariation_0,StandardDeviation,StandardDeviation_0
0,64.04494382022472,62.121212121212125,5.150486946105957,7.763057708740234,1.7701897621154785,1.404927134513855,9.117339134216309,10.906530380249023
