,Accuracy,Accuracy_0,AverageDeviation,AverageDeviation_0,CoefficientOfVariation,CoefficientOfVariation_0,StandardDeviation,StandardDeviation_0
0,74.32950191570882,70.77625570776256,31.01632932209877,30.085890518258143,1.5654351718789377,1.5714801723503855,48.55405282339342,47.279380416947134
