,Accuracy,Accuracy_0,AverageDeviation,AverageDeviation_0,CoefficientOfVariation,CoefficientOfVariation_0,StandardDeviation,StandardDeviation_0
0,77.01149425287356,73.63636363636363,7.745205859959813,7.554265289740133,1.4469042805847936,1.4671386371108153,11.206571512786281,11.083154481562877
