,Origin,Predict
0,0.0,3.5025396
1,24.9,28.338402
2,20.8,20.773626
3,16.3,16.592388
4,17.9,15.347949
5,19.2,18.992058
6,25.8,17.387333
7,0.0,0.90699035
8,29.0,31.802668
9,25.3,27.717201
10,25.1,23.865438
11,20.7,21.603502
12,25.5,30.521345
13,22.9,27.734991
14,0.0,4.272319
15,34.4,28.060865
16,25.7,27.550127
17,27.3,25.451687
18,25.1,26.067123
19,29.0,29.186651
20,23.4,26.14458
21,0.0,1.8713286
22,29.3,29.408092
23,22.5,24.749866
24,29.2,26.49949
25,21.4,25.629982
26,24.6,27.041994
27,24.2,24.512787
28,0.0,0.7453686
29,30.9,31.879679
