,Accuracy,Accuracy_0,AverageDeviation,AverageDeviation_0,CoefficientOfVariation,CoefficientOfVariation_0,StandardDeviation,StandardDeviation_0
0,74.90636704119851,71.23287671232876,6118.8984375,6182.19921875,1.4679988622665405,1.4401719570159912,8982.5361328125,8903.4296875
