,Accuracy,Accuracy_0,AverageDeviation,AverageDeviation_0,CoefficientOfVariation,CoefficientOfVariation_0,StandardDeviation,StandardDeviation_0
0,75.28089887640449,70.31963470319634,8.405452728271484,8.6978120803833,2.2416653633117676,2.3026061058044434,18.842212677001953,20.02763557434082
