,Accuracy,Accuracy_0,AverageDeviation,AverageDeviation_0,CoefficientOfVariation,CoefficientOfVariation_0,StandardDeviation,StandardDeviation_0
0,69.28838951310861,66.66666666666666,21.768705368041992,22.312885284423828,1.7037558555603027,1.5367352962493896,37.088558197021484,34.288997650146484
