,Accuracy,Accuracy_0,AverageDeviation,AverageDeviation_0,CoefficientOfVariation,CoefficientOfVariation_0,StandardDeviation,StandardDeviation_0
0,62.546816479400746,60.97560975609756,16.013233184814453,35.87364959716797,2.0834498405456543,1.4140492677688599,33.36276626586914,50.727108001708984
