,Accuracy,Accuracy_0,AverageDeviation,AverageDeviation_0,CoefficientOfVariation,CoefficientOfVariation_0,StandardDeviation,StandardDeviation_0
0,72.41379310344827,74.40476190476191,10.466783235618893,9.708726760319298,1.4870310486572824,1.4255549223658086,15.564431650930826,13.840323223077824
