,Origin,Predict
0,0.0,3.521221
1,0.0,8.172856
2,0.0,1.0032465
3,0.0,2.7008977
4,0.0,0.64009565
5,0.0,6.9718914
6,0.0,10.819647
7,0.0,5.056048
8,0.0,5.6166534
9,0.0,1.9790012
10,0.0,2.0284371
11,0.0,5.9091525
12,0.0,5.063484
13,0.0,1.7865527
14,0.0,9.867204
15,0.0,4.572139
16,0.0,3.0116515
17,0.0,0.9141322
18,0.0,1.4924141
19,0.0,4.072514
20,0.0,2.2162318
21,0.0,13.592888
22,0.0,11.292296
23,0.0,1.7981431
24,0.0,23.402514
25,87.0,56.136215
26,63.0,75.96931
27,63.0,46.33038
28,0.0,22.55893
29,0.0,12.36085
