,Accuracy,Accuracy_0,AverageDeviation,AverageDeviation_0,CoefficientOfVariation,CoefficientOfVariation_0,StandardDeviation,StandardDeviation_0
0,76.62835249042146,72.08121827411168,5.93145119001468,5.638352933147837,1.3243820701719642,1.312558690998931,7.855507606155602,7.400669145322508
