,Origin,Predict
0,80.0,79.03091
1,76.0,68.356186
2,55.0,58.270508
3,0.0,6.0081716
4,80.0,70.57631
5,78.8,86.69263
6,80.0,83.4601
7,77.8,81.58068
8,80.0,82.61575
9,80.0,84.85544
10,0.0,6.926394
11,0.0,23.2141
12,80.0,66.99838
13,80.0,91.08641
14,80.0,73.4003
15,71.8,71.473145
16,64.2,68.29561
17,0.0,5.426326
18,80.0,71.1876
19,77.8,88.27709
20,75.4,71.9379
21,51.2,51.788563
22,64.9,71.473755
23,56.1,52.52236
24,0.0,4.0626845
25,47.8,59.844368
26,39.4,35.06281
27,47.3,47.299965
28,54.6,50.41642
29,50.8,39.745422
