,Accuracy,Accuracy_0,AverageDeviation,AverageDeviation_0,CoefficientOfVariation,CoefficientOfVariation_0,StandardDeviation,StandardDeviation_0
0,63.29588014981273,58.92857142857143,8.194722175598145,9.741016387939453,1.4259384870529175,1.2741674184799194,11.68517017364502,12.411685943603516
