,Accuracy,Accuracy_0,AverageDeviation,AverageDeviation_0,CoefficientOfVariation,CoefficientOfVariation_0,StandardDeviation,StandardDeviation_0
0,77.77777777777779,84.67741935483872,6.456837332020317,7.162133113799557,1.475213509990187,1.4068808589300885,9.525213664005367,10.076267986913951
