,Accuracy,Accuracy_0,AverageDeviation,AverageDeviation_0,CoefficientOfVariation,CoefficientOfVariation_0,StandardDeviation,StandardDeviation_0
0,71.26436781609196,76.69902912621359,19.587897384931757,26.041093275384995,1.4673584431015205,1.3606397929832994,28.742466610385808,35.43254776327863
