,Accuracy,Accuracy_0,AverageDeviation,AverageDeviation_0,CoefficientOfVariation,CoefficientOfVariation_0,StandardDeviation,StandardDeviation_0
0,63.29588014981273,81.1881188118812,3315.3583984375,6778.677734375,2.230064630508423,1.5651592016220093,7393.46337890625,10609.7099609375
