,Accuracy,Accuracy_0,AverageDeviation,AverageDeviation_0,CoefficientOfVariation,CoefficientOfVariation_0,StandardDeviation,StandardDeviation_0
0,71.91011235955057,68.18181818181817,4.079362869262695,3.9510600566864014,1.5957735776901245,1.578917384147644,6.509739398956299,6.238397598266602
