,Accuracy,Accuracy_0,AverageDeviation,AverageDeviation_0,CoefficientOfVariation,CoefficientOfVariation_0,StandardDeviation,StandardDeviation_0
0,68.53932584269663,69.56521739130434,8.342921257019043,14.601391792297363,1.6512787342071533,1.2562576532363892,13.776488304138184,18.343111038208008
