,Accuracy,Accuracy_0,AverageDeviation,AverageDeviation_0,CoefficientOfVariation,CoefficientOfVariation_0,StandardDeviation,StandardDeviation_0
0,65.91760299625467,70.2127659574468,9.779370307922363,26.879989624023438,2.4761734008789062,1.4052913188934326,24.215415954589844,37.77421569824219
