,Accuracy,Accuracy_0,AverageDeviation,AverageDeviation_0,CoefficientOfVariation,CoefficientOfVariation_0,StandardDeviation,StandardDeviation_0
0,63.984674329501914,74.13793103448276,3.9951181997370218,8.006413899619004,1.4606878841617619,1.2205538337766266,5.835620750150017,9.772259179982447
