,Accuracy,Accuracy_0,AverageDeviation,AverageDeviation_0,CoefficientOfVariation,CoefficientOfVariation_0,StandardDeviation,StandardDeviation_0
0,68.91385767790263,71.42857142857143,621.4356689453125,908.934326171875,2.005112409591675,1.6732673645019531,1246.04833984375,1520.89013671875
