,Accuracy,Accuracy_0,AverageDeviation,AverageDeviation_0,CoefficientOfVariation,CoefficientOfVariation_0,StandardDeviation,StandardDeviation_0
0,71.53558052434457,77.14285714285715,5.490669250488281,11.909101486206055,1.6924868822097778,1.1776349544525146,9.292885780334473,14.024574279785156
