,Accuracy,Accuracy_0,AverageDeviation,AverageDeviation_0,CoefficientOfVariation,CoefficientOfVariation_0,StandardDeviation,StandardDeviation_0
0,75.65543071161048,68.37606837606837,13.000021934509277,18.773488998413086,1.7907224893569946,1.4738434553146362,23.27943229675293,27.6691837310791
