,Accuracy,Accuracy_0,AverageDeviation,AverageDeviation_0,CoefficientOfVariation,CoefficientOfVariation_0,StandardDeviation,StandardDeviation_0
0,63.29588014981273,57.38636363636363,28.18382453918457,24.698766708374023,1.7512271404266357,1.6842528581619263,49.35627746582031,41.598968505859375
