,Accuracy,Accuracy_0,AverageDeviation,AverageDeviation_0,CoefficientOfVariation,CoefficientOfVariation_0,StandardDeviation,StandardDeviation_0
0,65.91760299625467,64.42953020134227,5.856870174407959,6.593749046325684,1.7739531993865967,1.639164924621582,10.389813423156738,10.808241844177246
