,Accuracy,Accuracy_0,AverageDeviation,AverageDeviation_0,CoefficientOfVariation,CoefficientOfVariation_0,StandardDeviation,StandardDeviation_0
0,77.77777777777779,74.88584474885845,2.868236112006553,2.6778114151192582,1.5439140309092578,1.578526034023603,4.428309977287535,4.226995032971335
