,Accuracy,Accuracy_0,AverageDeviation,AverageDeviation_0,CoefficientOfVariation,CoefficientOfVariation_0,StandardDeviation,StandardDeviation_0
0,73.78277153558052,68.86792452830188,30.47173500061035,28.716310501098633,1.6382300853729248,1.5239354372024536,49.91971206665039,43.761802673339844
