,Accuracy,Accuracy_0,AverageDeviation,AverageDeviation_0,CoefficientOfVariation,CoefficientOfVariation_0,StandardDeviation,StandardDeviation_0
0,79.6934865900383,81.48148148148148,5.356229131944277,4.980542448803231,1.4964823475549383,1.416150698112536,8.01550234541412,7.053198665851815
