,Accuracy,Accuracy_0,AverageDeviation,AverageDeviation_0,CoefficientOfVariation,CoefficientOfVariation_0,StandardDeviation,StandardDeviation_0
0,71.91011235955057,68.14159292035397,15.541421890258789,13.14795207977295,1.8958319425582886,1.6220020055770874,29.463924407958984,21.326004028320312
