,Accuracy,Accuracy_0,AverageDeviation,AverageDeviation_0,CoefficientOfVariation,CoefficientOfVariation_0,StandardDeviation,StandardDeviation_0
0,53.93258426966292,50.0,5.076293468475342,60.865074157714844,3.610112190246582,1.1215890645980835,18.32598876953125,68.2656021118164
