,Accuracy,Accuracy_0,AverageDeviation,AverageDeviation_0,CoefficientOfVariation,CoefficientOfVariation_0,StandardDeviation,StandardDeviation_0
0,77.01149425287356,72.89719626168224,22.537717975784528,20.061602080425367,1.7792584871032202,1.6890282986312877,40.10042598835343,33.88461362971876
