,Accuracy,Accuracy_0,AverageDeviation,AverageDeviation_0,CoefficientOfVariation,CoefficientOfVariation_0,StandardDeviation,StandardDeviation_0
0,79.6934865900383,74.12935323383084,7.865105225790962,6.838075655847044,1.5281481613423502,1.426491426068578,12.019046089556568,9.754456293874076
