,Accuracy,Accuracy_0,AverageDeviation,AverageDeviation_0,CoefficientOfVariation,CoefficientOfVariation_0,StandardDeviation,StandardDeviation_0
0,76.02996254681648,70.64220183486239,1742.81103515625,1842.931640625,1.5423903465270996,1.453127384185791,2688.094970703125,2678.014404296875
