,Accuracy,Accuracy_0,AverageDeviation,AverageDeviation_0,CoefficientOfVariation,CoefficientOfVariation_0,StandardDeviation,StandardDeviation_0
0,62.06896551724138,61.29032258064516,7.047305695483572,10.477241532007854,1.9588721621122966,1.8570450995222778,13.804770944778207,19.456710043526467
