,Origin,Predict
0,32.0,32.665314
1,34.0,34.31378
2,31.7,33.84946
3,31.8,40.946594
4,0.0,4.7840486
5,31.4,35.24269
6,30.0,31.526907
7,33.7,26.565912
8,33.3,35.19472
9,39.4,36.908318
10,40.0,34.63522
11,0.0,4.0748987
12,38.0,40.458908
13,38.0,38.565998
14,34.0,32.954926
15,38.0,36.639965
16,39.0,40.596848
17,40.0,35.788242
18,0.0,4.797074
19,40.0,44.427044
20,37.0,43.512894
21,40.0,34.81237
22,40.0,36.939663
23,42.0,42.52455
24,45.0,31.731764
25,0.0,4.5515704
26,48.0,42.800003
27,50.0,51.44723
28,47.0,40.70255
29,0.0,29.289623
