,Accuracy,Accuracy_0,AverageDeviation,AverageDeviation_0,CoefficientOfVariation,CoefficientOfVariation_0,StandardDeviation,StandardDeviation_0
0,75.47892720306514,80.72289156626506,5.921673881231141,6.419807503884095,1.3689749468704688,1.3734187620545897,8.106623186942643,8.817084074613259
