,Origin,Predict
0,30.0,30.63021
1,30.0,30.700409
2,30.0,30.544806
3,30.0,28.640766
4,0.0,0.21342619
5,30.0,28.541708
6,30.0,30.887892
7,30.0,27.170294
8,30.0,30.273638
9,30.0,29.70292
10,30.0,29.897379
11,0.0,0.030846057
12,30.0,29.430439
13,30.0,31.33153
14,30.0,30.91805
15,30.0,32.27311
16,30.0,30.413483
17,30.0,29.60511
18,0.0,2.5645993
19,30.0,30.238808
20,30.0,30.491156
21,30.0,30.489975
22,40.0,34.23249
23,30.0,30.161663
24,30.0,31.3376
25,0.0,1.0823578
26,30.0,31.995892
27,30.0,30.909508
28,30.0,27.708826
29,30.0,31.607143
