,Accuracy,Accuracy_0,AverageDeviation,AverageDeviation_0,CoefficientOfVariation,CoefficientOfVariation_0,StandardDeviation,StandardDeviation_0
0,76.24521072796935,71.83098591549296,5.644302134435637,5.288766455650329,1.5039192107855148,1.5244857298373944,8.48857441145544,8.062648990081621
