,Accuracy,Accuracy_0,AverageDeviation,AverageDeviation_0,CoefficientOfVariation,CoefficientOfVariation_0,StandardDeviation,StandardDeviation_0
0,50.56179775280899,51.35135135135135,4.592831134796143,11.490711212158203,2.4859423637390137,1.5743459463119507,11.417513847351074,18.090354919433594
