,Accuracy,Accuracy_0,AverageDeviation,AverageDeviation_0,CoefficientOfVariation,CoefficientOfVariation_0,StandardDeviation,StandardDeviation_0
0,72.28464419475655,66.98564593301435,13.67833137512207,13.026895523071289,1.5132715702056885,1.387795329093933,20.69902992248535,18.078664779663086
