,Accuracy,Accuracy_0,AverageDeviation,AverageDeviation_0,CoefficientOfVariation,CoefficientOfVariation_0,StandardDeviation,StandardDeviation_0
0,75.47892720306514,73.33333333333333,5.170964562710219,4.606897908619473,1.365506655861236,1.3809494377469749,7.060986527603391,6.361893076665775
