,Accuracy,Accuracy_0,AverageDeviation,AverageDeviation_0,CoefficientOfVariation,CoefficientOfVariation_0,StandardDeviation,StandardDeviation_0
0,72.03065134099617,81.41592920353983,4.3827839129986215,5.080941902272471,1.4186558345575804,1.3244392102519003,6.217661969780597,6.729398680381539
