,Accuracy,Accuracy_0,AverageDeviation,AverageDeviation_0,CoefficientOfVariation,CoefficientOfVariation_0,StandardDeviation,StandardDeviation_0
0,77.39463601532567,74.07407407407408,5.627575844778212,5.341685910578127,1.4231295092249383,1.425160196639544,8.008769250105335,7.6127581427062045
