,Accuracy,Accuracy_0,AverageDeviation,AverageDeviation_0,CoefficientOfVariation,CoefficientOfVariation_0,StandardDeviation,StandardDeviation_0
0,75.86206896551724,70.04830917874396,8.490828513139968,7.8332915412055115,1.4233630815717868,1.422246098632269,12.085531837560499,11.140868333928692
