,Origin,Predict
0,34.3,36.226948
1,30.0,32.974052
2,29.4,39.650734
3,32.1,35.635468
4,33.8,48.62717
5,41.2,35.44597
6,0.0,12.89826
7,35.9,42.205814
8,44.3,43.84318
9,43.2,36.977455
10,34.3,40.68553
11,46.0,49.386173
12,40.9,40.69099
13,0.0,10.406173
14,49.0,49.765594
15,48.4,51.86176
16,46.3,50.696285
17,45.0,43.951797
18,49.8,49.822365
19,48.0,48.541363
20,0.0,20.782705
21,67.6,66.024376
22,65.2,69.01392
23,69.7,66.140884
24,67.7,49.201153
25,0.0,28.944715
26,0.0,4.0966067
27,0.0,21.481802
28,0.0,10.296963
29,0.0,27.356598
