,Accuracy,Accuracy_0,AverageDeviation,AverageDeviation_0,CoefficientOfVariation,CoefficientOfVariation_0,StandardDeviation,StandardDeviation_0
0,75.28089887640449,70.4225352112676,11.652045249938965,9.168495178222656,1.9820295572280884,1.8771817684173584,23.094697952270508,17.2109317779541
