,Accuracy,Accuracy_0,AverageDeviation,AverageDeviation_0,CoefficientOfVariation,CoefficientOfVariation_0,StandardDeviation,StandardDeviation_0
0,73.03370786516854,68.20276497695853,29.338823318481445,23.153419494628906,2.077441692352295,1.9027081727981567,60.94969177246094,44.05419921875
