,Accuracy,Accuracy_0,AverageDeviation,AverageDeviation_0,CoefficientOfVariation,CoefficientOfVariation_0,StandardDeviation,StandardDeviation_0
0,81.60919540229885,77.72511848341233,11.96093901235939,10.611228262191704,1.4734629866081765,1.464246429526757,17.62400091978932,15.537453095807617
