,Accuracy,Accuracy_0,AverageDeviation,AverageDeviation_0,CoefficientOfVariation,CoefficientOfVariation_0,StandardDeviation,StandardDeviation_0
0,55.55555555555556,57.14285714285714,33.878231931117746,120.242015511649,2.0313354645918316,1.2011446960008922,68.81805399934689,144.42805916827422
