,Accuracy,Accuracy_0,AverageDeviation,AverageDeviation_0,CoefficientOfVariation,CoefficientOfVariation_0,StandardDeviation,StandardDeviation_0
0,78.16091954022988,74.77064220183486,5.073409495685408,4.374146044582402,1.5994692678612688,1.384947782260864,8.114762571624349,6.057963863729529
