,Origin,Predict
0,15.6,13.034264
1,0.0,2.4766834
2,0.0,6.1407933
3,0.0,4.1515627
4,13.8,12.695379
5,15.9,16.103857
6,16.4,14.772814
7,18.2,20.401527
8,17.3,14.041266
9,18.0,14.03531
10,0.0,1.7632812
11,15.4,16.79025
12,14.1,12.001057
13,12.8,10.020168
14,10.3,9.764523
15,12.1,13.309771
16,11.5,11.093385
17,0.0,3.483054
18,12.1,12.987856
19,13.6,12.345887
20,12.0,15.628497
21,17.4,18.671686
22,20.5,21.83126
23,20.1,19.809175
24,0.0,4.295159
25,21.8,19.643917
26,28.8,30.602903
27,29.7,29.750141
28,31.8,30.822031
29,24.5,21.11361
