,Accuracy,Accuracy_0,AverageDeviation,AverageDeviation_0,CoefficientOfVariation,CoefficientOfVariation_0,StandardDeviation,StandardDeviation_0
0,67.04119850187266,68.62745098039215,2105.689453125,2671.539306640625,2.072256088256836,1.6172053813934326,4363.52783203125,4320.427734375
