,Accuracy,Accuracy_0,AverageDeviation,AverageDeviation_0,CoefficientOfVariation,CoefficientOfVariation_0,StandardDeviation,StandardDeviation_0
0,72.03065134099617,67.56756756756756,9.584669511653908,9.362439457145898,1.6136407365986203,1.6401901692977476,15.466213170839552,15.356181158256044
