,Origin,Predict
0,66.9,58.921776
1,65.9,69.20109
2,66.5,66.48682
3,60.9,59.5357
4,0.0,9.527001
5,65.0,57.868034
6,59.4,61.7876
7,61.2,60.68958
8,57.0,66.16538
9,61.2,62.53793
10,66.0,53.86263
11,0.0,13.132919
12,68.2,60.402657
13,60.2,61.917477
14,63.0,62.580967
15,62.4,63.375793
16,64.5,69.08353
17,56.2,67.18989
18,0.0,7.2376733
19,58.1,50.56657
20,48.7,54.122036
21,57.9,52.016396
22,57.8,52.03651
23,63.9,69.02712
24,67.6,76.15951
25,75.0,38.206284
26,68.7,84.223114
27,72.7,72.06878
28,85.6,53.901394
29,0.0,37.340813
