,Origin,Predict
0,0.0,3.8805447
1,0.0,7.0521297
2,12.0,7.0757623
3,0.0,1.9762878
4,10.0,13.069673
5,20.0,21.411674
6,20.0,16.902182
7,15.0,14.289757
8,0.0,4.469606
9,20.0,25.890255
10,25.0,18.717579
11,24.7,21.157108
12,20.0,17.907417
13,0.0,9.698443
14,13.8,10.618354
15,0.0,1.4185984
16,25.6,26.906736
17,19.8,24.804893
18,22.9,22.575777
19,14.4,16.212543
20,19.3,13.472521
21,16.0,20.982805
22,0.0,3.4409428
23,18.0,16.718758
24,15.9,15.298332
25,18.0,21.035303
26,12.0,14.514573
27,0.0,6.322818
28,18.0,11.71887
29,0.0,2.9611206
