,Accuracy,Accuracy_0,AverageDeviation,AverageDeviation_0,CoefficientOfVariation,CoefficientOfVariation_0,StandardDeviation,StandardDeviation_0
0,63.601532567049816,61.68831168831169,5.796141979266743,5.758318594523838,1.4323612101824441,1.374321231397846,8.302168939811779,7.913779501607115
