,Accuracy,Accuracy_0,AverageDeviation,AverageDeviation_0,CoefficientOfVariation,CoefficientOfVariation_0,StandardDeviation,StandardDeviation_0
0,76.62835249042146,75.0,3.7275939314130166,4.146357136567435,1.5117506172965243,1.4297469851516584,5.635192426844406,5.928241615369354
