,Accuracy,Accuracy_0,AverageDeviation,AverageDeviation_0,CoefficientOfVariation,CoefficientOfVariation_0,StandardDeviation,StandardDeviation_0
0,71.53558052434457,66.66666666666666,6.9133453369140625,6.413666725158691,1.9202133417129517,2.054511308670044,13.275097846984863,13.176950454711914
