,Accuracy,Accuracy_0,AverageDeviation,AverageDeviation_0,CoefficientOfVariation,CoefficientOfVariation_0,StandardDeviation,StandardDeviation_0
0,62.83524904214559,83.33333333333334,0.8159881526482973,8.588705917199453,3.0422425162991273,1.3677129628223559,2.4824338507830324,11.746884416822764
