,Origin,Predict
0,59.5,62.83808
1,60.0,61.344517
2,59.1,50.82855
3,66.1,64.75763
4,0.0,6.8436046
5,54.6,54.591625
6,63.3,62.39022
7,63.8,59.266647
8,58.1,60.245483
9,65.8,66.65503
10,65.7,71.94387
11,0.0,2.718035
12,68.8,64.53061
13,64.1,61.372993
14,62.9,65.70051
15,67.5,61.99262
16,66.4,68.27852
17,68.0,71.35558
18,0.0,2.9802725
19,79.2,83.449455
20,75.7,73.53372
21,86.9,80.76542
22,81.9,91.6187
23,86.4,81.18807
24,77.5,78.01605
25,0.0,2.3654375
26,86.4,86.14218
27,83.6,86.253395
28,82.8,85.08024
29,87.5,89.77121
