,Origin,Predict
0,0.0,12.914144
1,0.0,2.4378073
2,34.0,23.46464
3,37.7,39.608765
4,29.6,31.95129
5,27.0,23.584057
6,0.0,5.4906383
7,32.7,37.221615
8,35.3,30.115477
9,29.3,34.800938
10,33.4,32.767
11,28.8,27.543873
12,33.8,29.715038
13,0.0,0.6288917
14,39.8,39.57063
15,40.0,31.883755
16,34.0,35.920963
17,33.2,34.070595
18,41.5,37.353806
19,41.2,40.11
20,0.0,2.6459374
21,52.8,47.21939
22,43.5,46.222057
23,52.0,48.982204
24,53.3,52.107677
25,53.5,55.390137
26,51.7,53.128876
27,0.0,7.105692
28,49.4,45.567326
29,48.2,43.24789
