,Accuracy,Accuracy_0,AverageDeviation,AverageDeviation_0,CoefficientOfVariation,CoefficientOfVariation_0,StandardDeviation,StandardDeviation_0
0,74.90636704119851,69.5852534562212,13.923528671264648,13.428609848022461,1.9290648698806763,2.0688633918762207,26.859390258789062,27.781959533691406
