,Accuracy,Accuracy_0,AverageDeviation,AverageDeviation_0,CoefficientOfVariation,CoefficientOfVariation_0,StandardDeviation,StandardDeviation_0
0,74.71264367816092,67.72486772486772,2.8618722243184562,2.5353087449199947,1.4190162491669163,1.4026145063892401,4.061043189347355,3.556060823800282
