,Accuracy,Accuracy_0,AverageDeviation,AverageDeviation_0,CoefficientOfVariation,CoefficientOfVariation_0,StandardDeviation,StandardDeviation_0
0,75.47892720306514,76.02739726027397,8.300401298964388,9.283298172528715,1.5653088916231,1.6330722575667063,12.992691957308885,15.160296704276348
