,Accuracy,Accuracy_0,AverageDeviation,AverageDeviation_0,CoefficientOfVariation,CoefficientOfVariation_0,StandardDeviation,StandardDeviation_0
0,72.28464419475655,68.4931506849315,23.032276153564453,19.533767700195312,1.805976152420044,1.8066655397415161,41.595741271972656,35.290985107421875
