,Origin,Predict
0,38.0,33.243336
1,42.8,36.357746
2,38.7,36.78609
3,0.0,1.9387527
4,42.0,39.054157
5,42.0,42.406067
6,36.7,34.87334
7,41.5,34.572334
8,42.0,44.43327
9,49.8,42.999706
10,0.0,0.8241086
11,47.0,38.013805
12,41.8,42.379814
13,41.4,42.66202
14,41.8,45.105076
15,41.4,45.333656
16,39.4,39.3082
17,0.0,0.74400294
18,39.0,38.83067
19,40.0,40.17021
20,40.7,38.029465
21,40.6,43.418224
22,40.2,44.748287
23,39.0,32.197792
24,0.0,4.506891
25,43.5,43.430706
26,42.6,48.689037
27,47.6,45.784462
28,49.8,48.772545
29,56.1,47.063244
