,Accuracy,Accuracy_0,AverageDeviation,AverageDeviation_0,CoefficientOfVariation,CoefficientOfVariation_0,StandardDeviation,StandardDeviation_0
0,77.77777777777779,74.17840375586854,3.3282484120480587,2.9534247756564,1.395333584794454,1.3411882677096185,4.644016787869466,3.9610986586732757
