,Accuracy,Accuracy_0,AverageDeviation,AverageDeviation_0,CoefficientOfVariation,CoefficientOfVariation_0,StandardDeviation,StandardDeviation_0
0,77.01149425287356,72.04301075268818,3.8788491096228044,3.5927860921429065,1.364048588982603,1.4246962597417097,5.290938654857412,5.1186289075280325
