,Accuracy,Accuracy_0,AverageDeviation,AverageDeviation_0,CoefficientOfVariation,CoefficientOfVariation_0,StandardDeviation,StandardDeviation_0
0,64.75095785440614,58.080808080808076,6.643190443415865,5.993161779461486,1.4616183791705422,1.4801267237866083,9.709809248426732,8.87063890975745
