,Accuracy,Accuracy_0,AverageDeviation,AverageDeviation_0,CoefficientOfVariation,CoefficientOfVariation_0,StandardDeviation,StandardDeviation_0
0,74.53183520599251,70.17543859649122,323.7937927246094,340.1790771484375,1.3829889297485352,1.363872766494751,447.80322265625,463.96099853515625
