,Origin,Predict
0,26.7,17.5927
1,18.0,15.277277
2,28.5,25.074661
3,19.2,16.12322
4,13.3,16.420862
5,15.0,19.191568
6,10.0,2.597875
7,0.0,4.0469418
8,0.0,0.08371096
9,17.3,9.360783
10,16.0,17.789213
11,16.0,16.441944
12,25.0,21.18498
13,0.0,4.9688478
14,15.0,12.058429
15,14.7,12.224972
16,18.7,20.31313
17,18.0,17.759075
18,21.2,19.51098
19,18.0,17.662724
20,0.0,2.6772609
21,15.0,14.686995
22,20.8,18.437687
23,20.0,23.221836
24,16.0,13.589567
25,17.0,16.068865
26,12.0,13.132646
27,0.0,0.5858497
28,16.5,11.773795
29,18.7,22.238726
