,Accuracy,Accuracy_0,AverageDeviation,AverageDeviation_0,CoefficientOfVariation,CoefficientOfVariation_0,StandardDeviation,StandardDeviation_0
0,76.77902621722846,73.05699481865285,10.10634708404541,10.245699882507324,1.43399178981781,1.399111032485962,14.49241828918457,14.334871292114258
