,Accuracy,Accuracy_0,AverageDeviation,AverageDeviation_0,CoefficientOfVariation,CoefficientOfVariation_0,StandardDeviation,StandardDeviation_0
0,74.90636704119851,70.13574660633483,136.16819763183594,145.9130096435547,1.5274717807769775,1.4939607381820679,207.99307250976562,217.98831176757812
