,Accuracy,Accuracy_0,AverageDeviation,AverageDeviation_0,CoefficientOfVariation,CoefficientOfVariation_0,StandardDeviation,StandardDeviation_0
0,73.40823970037454,68.77828054298642,1990.4471435546875,2016.3685302734375,1.4848096370697021,1.4404995441436768,2955.43505859375,2904.577880859375
