,Accuracy,Accuracy_0,AverageDeviation,AverageDeviation_0,CoefficientOfVariation,CoefficientOfVariation_0,StandardDeviation,StandardDeviation_0
0,84.2911877394636,81.86046511627907,2.8991332611675698,2.7439327115790793,1.388134436195743,1.3587227205684231,4.024386714947171,3.7282437189334168
