,Accuracy,Accuracy_0,AverageDeviation,AverageDeviation_0,CoefficientOfVariation,CoefficientOfVariation_0,StandardDeviation,StandardDeviation_0
0,68.91385767790263,63.8095238095238,11.28432559967041,10.342132568359375,1.6928138732910156,1.6886216402053833,19.102262496948242,17.46394920349121
