,Accuracy,Accuracy_0,AverageDeviation,AverageDeviation_0,CoefficientOfVariation,CoefficientOfVariation_0,StandardDeviation,StandardDeviation_0
0,49.063670411985015,46.15384615384615,2.049624443054199,8.611438751220703,2.422764301300049,1.304149866104126,4.965756893157959,11.230607032775879
