,Accuracy,Accuracy_0,AverageDeviation,AverageDeviation_0,CoefficientOfVariation,CoefficientOfVariation_0,StandardDeviation,StandardDeviation_0
0,69.66292134831461,64.35643564356435,5.6770453453063965,9.051801681518555,2.0256857872009277,1.5908211469650269,11.499910354614258,14.399797439575195
