,Accuracy,Accuracy_0,AverageDeviation,AverageDeviation_0,CoefficientOfVariation,CoefficientOfVariation_0,StandardDeviation,StandardDeviation_0
0,41.57303370786517,52.38095238095239,7.024241924285889,16.864559173583984,2.537576913833618,1.543624997138977,17.824554443359375,26.032554626464844
