,Accuracy,Accuracy_0,AverageDeviation,AverageDeviation_0,CoefficientOfVariation,CoefficientOfVariation_0,StandardDeviation,StandardDeviation_0
0,83.5249042145594,80.37383177570094,7.04345370938438,6.711871341455767,1.418387932182461,1.41535423493485,9.990349742276596,9.499675527467273
