,Accuracy,Accuracy_0,AverageDeviation,AverageDeviation_0,CoefficientOfVariation,CoefficientOfVariation_0,StandardDeviation,StandardDeviation_0
0,73.78277153558052,63.687150837988824,23.879470825195312,20.160173416137695,1.702382206916809,1.8133947849273682,40.65198516845703,36.558353424072266
