,Origin,Predict
0,0.0,0.37670508
1,20.0,15.808939
2,0.0,4.4370213
3,0.0,5.4419727
4,0.0,1.0246094
5,0.0,8.518884
6,0.0,13.133082
7,0.0,6.822296
8,0.0,1.4406307
9,0.0,2.5043948
10,0.0,3.2816248
11,0.0,5.179326
12,40.0,23.762589
13,0.0,14.140334
14,0.0,8.962749
15,20.0,11.694891
16,0.0,3.4531822
17,15.0,15.554194
18,0.0,0.98583436
19,15.0,8.161148
20,0.0,13.502588
21,0.0,25.88354
22,8.0,27.270134
23,40.0,37.00676
24,60.0,54.198845
25,38.0,38.724762
26,50.0,53.579544
27,74.7,71.031815
28,0.0,8.032581
29,74.1,57.931164
