,Accuracy,Accuracy_0,AverageDeviation,AverageDeviation_0,CoefficientOfVariation,CoefficientOfVariation_0,StandardDeviation,StandardDeviation_0
0,72.03065134099617,66.82692307692307,6.26704677970245,5.5948001861572285,1.4278835860717103,1.3903385469500142,8.948613229880698,7.77866636129751
