,Accuracy,Accuracy_0,AverageDeviation,AverageDeviation_0,CoefficientOfVariation,CoefficientOfVariation_0,StandardDeviation,StandardDeviation_0
0,71.16104868913857,64.95327102803739,5.570225715637207,4.766692638397217,1.7021245956420898,1.6546697616577148,9.481218338012695,7.887302398681641
