,Accuracy,Accuracy_0,AverageDeviation,AverageDeviation_0,CoefficientOfVariation,CoefficientOfVariation_0,StandardDeviation,StandardDeviation_0
0,67.41573033707866,62.71929824561403,8.0314302444458,7.233328342437744,1.9537841081619263,1.9454734325408936,15.691680908203125,14.072248458862305
