,Accuracy,Accuracy_0,AverageDeviation,AverageDeviation_0,CoefficientOfVariation,CoefficientOfVariation_0,StandardDeviation,StandardDeviation_0
0,80.07662835249042,80.6282722513089,5.25854586728695,5.501769995814217,1.5473994092197974,1.5782413161516307,8.137070768395033,8.683120719357381
