,Origin,Predict
0,0.0,6.336975
1,0.0,4.191996
2,17.0,1.2942512
3,0.0,7.8062077
4,0.0,1.9250704
5,0.0,7.1845665
6,0.0,1.5077537
7,47.4,42.813625
8,54.3,39.784332
9,0.0,11.789435
10,0.0,7.4030414
11,0.0,4.025215
12,0.0,0.3484478
13,0.0,2.9454906
14,0.0,2.0242872
15,0.0,0.75682294
16,0.0,2.2154183
17,0.0,0.115601175
18,0.0,1.9395987
19,0.0,0.82153267
20,0.0,1.1933831
21,0.0,0.8985494
22,0.0,1.466414
23,0.0,7.1557484
24,0.0,1.7231066
25,0.0,3.6733103
26,0.0,0.56776077
27,0.0,4.192077
28,0.0,7.5544276
29,40.0,21.008123
