,Accuracy,Accuracy_0,AverageDeviation,AverageDeviation_0,CoefficientOfVariation,CoefficientOfVariation_0,StandardDeviation,StandardDeviation_0
0,64.41947565543072,60.43956043956044,9.637754440307617,13.053170204162598,2.300832509994507,1.7908669710159302,22.17485809326172,23.37649154663086
