,Accuracy,Accuracy_0,AverageDeviation,AverageDeviation_0,CoefficientOfVariation,CoefficientOfVariation_0,StandardDeviation,StandardDeviation_0
0,57.67790262172284,64.42307692307693,253.974365234375,482.4619140625,1.836035132408142,1.4399948120117188,466.30584716796875,694.74267578125
