,Accuracy,Accuracy_0,AverageDeviation,AverageDeviation_0,CoefficientOfVariation,CoefficientOfVariation_0,StandardDeviation,StandardDeviation_0
0,70.0374531835206,64.7887323943662,4.593689918518066,4.273204803466797,1.4143974781036377,1.3288071155548096,6.497303485870361,5.67826509475708
