,Accuracy,Accuracy_0,AverageDeviation,AverageDeviation_0,CoefficientOfVariation,CoefficientOfVariation_0,StandardDeviation,StandardDeviation_0
0,60.67415730337079,61.81818181818181,3.518198251724243,11.566705703735352,2.2324917316436768,1.3121436834335327,7.854348182678223,15.177179336547852
