,Origin,Predict
0,38.0,36.79724
1,35.7,35.67784
2,34.4,37.926537
3,33.9,33.096844
4,0.0,1.4836739
5,34.2,35.599953
6,33.8,32.208496
7,30.6,34.154873
8,34.0,33.95012
9,33.2,31.354166
10,30.1,31.299574
11,0.0,0.028899068
12,32.4,33.543346
13,30.7,30.493107
14,32.6,32.905346
15,34.1,34.98822
16,34.5,36.249466
17,36.8,34.97445
18,0.0,2.3413923
19,37.1,35.62117
20,30.9,31.299189
21,28.2,30.912777
22,27.9,28.707579
23,28.1,26.813784
24,25.0,27.667976
25,0.0,1.7418137
26,29.1,31.448391
27,27.5,27.439886
28,28.4,28.733109
29,27.5,28.907072
