,Accuracy,Accuracy_0,AverageDeviation,AverageDeviation_0,CoefficientOfVariation,CoefficientOfVariation_0,StandardDeviation,StandardDeviation_0
0,69.66292134831461,68.11594202898551,4.96590518951416,5.162546157836914,1.6087971925735474,1.581864356994629,7.989134311676025,8.166447639465332
