,Accuracy,Accuracy_0,AverageDeviation,AverageDeviation_0,CoefficientOfVariation,CoefficientOfVariation_0,StandardDeviation,StandardDeviation_0
0,69.28838951310861,57.54716981132076,5.844378471374512,7.599721431732178,1.4242013692855835,1.275413990020752,8.323572158813477,9.692790985107422
