,Accuracy,Accuracy_0,AverageDeviation,AverageDeviation_0,CoefficientOfVariation,CoefficientOfVariation_0,StandardDeviation,StandardDeviation_0
0,56.70498084291188,57.77777777777777,2.2263387292346977,4.830514619085524,1.8136554742565771,1.396406425539471,4.037811423825941,6.745361652753377
