,Accuracy,Accuracy_0,AverageDeviation,AverageDeviation_0,CoefficientOfVariation,CoefficientOfVariation_0,StandardDeviation,StandardDeviation_0
0,49.43820224719101,67.0103092783505,16.068431854248047,26.15999984741211,2.399829864501953,1.6955357789993286,38.56150436401367,44.35521697998047
