,Accuracy,Accuracy_0,AverageDeviation,AverageDeviation_0,CoefficientOfVariation,CoefficientOfVariation_0,StandardDeviation,StandardDeviation_0
0,70.78651685393258,64.6788990825688,7.039883136749268,5.994758605957031,1.7925831079483032,1.638351559638977,12.619575500488281,9.821521759033203
