,Accuracy,Accuracy_0,AverageDeviation,AverageDeviation_0,CoefficientOfVariation,CoefficientOfVariation_0,StandardDeviation,StandardDeviation_0
0,78.544061302682,78.52348993288591,11.616547012109294,11.209616025822275,1.368198669090974,1.3583375780719613,15.893744161400667,15.226442683632072
