,Accuracy,Accuracy_0,AverageDeviation,AverageDeviation_0,CoefficientOfVariation,CoefficientOfVariation_0,StandardDeviation,StandardDeviation_0
0,80.45977011494253,77.29468599033817,6.351021029666009,5.919695212875588,1.7873186946276836,1.9639312866026228,11.351298616295617,11.62587463571814
