,Accuracy,Accuracy_0,AverageDeviation,AverageDeviation_0,CoefficientOfVariation,CoefficientOfVariation_0,StandardDeviation,StandardDeviation_0
0,58.80149812734082,59.09090909090909,5.923424243927002,6.958068370819092,1.6653332710266113,1.5347685813903809,9.86447525024414,10.679024696350098
