,Accuracy,Accuracy_0,AverageDeviation,AverageDeviation_0,CoefficientOfVariation,CoefficientOfVariation_0,StandardDeviation,StandardDeviation_0
0,72.79693486590038,72.39263803680981,10.20346911191027,9.715732479973077,1.4987528520510682,1.4821039202929553,15.292478432290498,14.399725197085695
