,Accuracy,Accuracy_0,AverageDeviation,AverageDeviation_0,CoefficientOfVariation,CoefficientOfVariation_0,StandardDeviation,StandardDeviation_0
0,75.86206896551724,72.16981132075472,4.7047367328913525,4.4816984155970925,1.5885141858824856,1.6269576251574058,7.473541041040332,7.291533410911554
