,Origin,Predict
0,20.0,21.422247
1,18.8,15.3572235
2,20.4,17.662195
3,19.8,18.70663
4,18.2,14.455521
5,0.0,3.7159607
6,20.7,16.709263
7,19.5,22.351812
8,21.4,17.305141
9,21.3,23.743708
10,21.7,22.674213
11,22.6,17.298494
12,0.0,4.1875095
13,22.6,14.970494
14,24.6,19.84953
15,25.8,27.307636
16,38.9,32.371483
17,34.0,34.26332
18,42.5,43.462994
19,35.2,22.079332
20,0.0,6.7150636
21,0.0,6.8234105
22,0.0,0.6927751
23,0.0,2.3148599
24,0.0,4.835774
25,31.4,31.342758
26,34.0,39.357277
27,37.8,30.56111
28,0.0,12.189193
29,36.7,23.26002
