,Accuracy,Accuracy_0,AverageDeviation,AverageDeviation_0,CoefficientOfVariation,CoefficientOfVariation_0,StandardDeviation,StandardDeviation_0
0,68.91385767790263,60.115606936416185,12.429643630981445,12.189696311950684,1.9560980796813965,1.8027533292770386,24.313602447509766,21.97501564025879
