,Accuracy,Accuracy_0,AverageDeviation,AverageDeviation_0,CoefficientOfVariation,CoefficientOfVariation_0,StandardDeviation,StandardDeviation_0
0,72.65917602996255,68.29268292682927,4.751308441162109,4.206795692443848,1.4230141639709473,1.3842331171035767,6.761179447174072,5.823185920715332
