,Accuracy,Accuracy_0,AverageDeviation,AverageDeviation_0,CoefficientOfVariation,CoefficientOfVariation_0,StandardDeviation,StandardDeviation_0
0,74.15730337078652,70.08928571428571,501.52520751953125,541.7857666015625,1.332987904548645,1.2949085235595703,668.5270385742188,701.56298828125
