,Accuracy,Accuracy_0,AverageDeviation,AverageDeviation_0,CoefficientOfVariation,CoefficientOfVariation_0,StandardDeviation,StandardDeviation_0
0,74.15730337078652,69.68325791855203,4.612799644470215,4.544186115264893,1.652176856994629,1.6150562763214111,7.621160984039307,7.33911657333374
