,Origin,Predict
0,56.7,22.409706
1,42.8,40.25675
2,37.3,21.394909
3,0.0,25.375319
4,43.4,53.211857
5,60.6,42.250565
6,0.0,0.6158928
7,51.0,32.537838
8,44.6,57.166153
9,44.7,42.56669
10,50.4,46.38062
11,53.0,42.839478
12,66.5,46.59675
13,0.0,10.902297
14,70.1,63.711006
15,78.1,64.726906
16,88.8,53.930954
17,70.7,70.89423
18,0.0,35.144142
19,0.0,31.236792
20,0.0,26.363676
21,80.3,88.19664
22,76.7,92.98464
23,106.5,90.49102
24,127.0,132.8127
25,118.3,101.522964
26,126.2,117.458244
27,0.0,28.137693
28,126.5,95.36787
29,90.5,93.28081
