,Accuracy,Accuracy_0,AverageDeviation,AverageDeviation_0,CoefficientOfVariation,CoefficientOfVariation_0,StandardDeviation,StandardDeviation_0
0,67.79026217228464,68.83116883116884,7.0635480880737305,9.13747501373291,1.8955663442611694,1.6992470026016235,13.389424324035645,15.526826858520508
