,Accuracy,Accuracy_0,AverageDeviation,AverageDeviation_0,CoefficientOfVariation,CoefficientOfVariation_0,StandardDeviation,StandardDeviation_0
0,70.78651685393258,72.89156626506023,12.458130836486816,13.630197525024414,1.7665090560913086,1.5789518356323242,22.007400512695312,21.521425247192383
