,Accuracy,Accuracy_0,AverageDeviation,AverageDeviation_0,CoefficientOfVariation,CoefficientOfVariation_0,StandardDeviation,StandardDeviation_0
0,64.75095785440614,73.33333333333333,2.38640286591193,19.887176443139712,2.55224642461518,1.1290232812209584,6.090688182215143,22.453085202053746
