,Origin,Predict
0,57.0,56.289074
1,59.0,58.33317
2,59.6,63.092354
3,68.3,66.71961
4,0.0,2.3963695
5,71.4,65.64102
6,58.5,61.130566
7,55.6,55.86402
8,53.6,52.757545
9,51.1,51.296097
10,51.1,52.230705
11,0.0,2.7358081
12,54.6,55.758038
13,51.5,48.55776
14,49.7,48.44525
15,47.8,49.994064
16,55.8,54.01714
17,54.6,54.835915
18,0.0,2.8955884
19,50.8,49.423355
20,48.4,48.253483
21,46.4,47.76428
22,48.7,47.124046
23,41.5,42.14442
24,40.1,42.84256
25,0.0,0.63273454
26,47.2,48.592648
27,39.9,42.07074
28,39.6,34.95164
29,40.3,41.738914
