,Accuracy,Accuracy_0,AverageDeviation,AverageDeviation_0,CoefficientOfVariation,CoefficientOfVariation_0,StandardDeviation,StandardDeviation_0
0,76.24521072796935,73.45971563981043,12.525311398757367,9.981773351154057,1.440327163393895,1.3224836124844752,18.040546237597418,13.200731680435485
