,Accuracy,Accuracy_0,AverageDeviation,AverageDeviation_0,CoefficientOfVariation,CoefficientOfVariation_0,StandardDeviation,StandardDeviation_0
0,68.53932584269663,70.2127659574468,4.717278480529785,6.0713887214660645,1.8542410135269165,1.5665826797485352,8.746971130371094,9.511332511901855
