,Origin,Predict
0,0.0,4.599128
1,18.0,17.371885
2,17.0,17.884373
3,13.0,15.714752
4,22.0,25.72872
5,32.0,34.947956
6,30.0,26.169048
7,0.0,2.2837832
8,17.0,23.319122
9,30.0,27.468592
10,15.0,23.971024
11,36.0,28.479269
12,25.0,33.44365
13,28.0,27.301788
14,0.0,1.9231998
15,25.0,22.059795
16,22.0,27.433336
17,25.0,24.182528
18,16.0,15.425839
19,20.0,20.01449
20,26.0,26.229038
21,0.0,4.1660213
22,25.0,24.740791
23,24.0,26.73043
24,22.0,22.602333
25,0.0,11.178693
26,23.0,13.301984
27,25.0,25.41553
28,0.0,2.0655715
29,25.0,17.004007
