,Accuracy,Accuracy_0,AverageDeviation,AverageDeviation_0,CoefficientOfVariation,CoefficientOfVariation_0,StandardDeviation,StandardDeviation_0
0,76.40449438202246,75.0,16.112537384033203,25.581756591796875,1.647531270980835,1.3790740966796875,26.545909881591797,35.279136657714844
