,Accuracy,Accuracy_0,AverageDeviation,AverageDeviation_0,CoefficientOfVariation,CoefficientOfVariation_0,StandardDeviation,StandardDeviation_0
0,69.28838951310861,72.41379310344827,2.7310264110565186,5.724273204803467,2.428640365600586,1.9108344316482544,6.632680892944336,10.938138008117676
