,Origin,Predict
0,10.0,11.407089
1,0.0,1.1008148
2,0.0,1.2887292
3,0.0,1.8593384
4,13.7,15.0429735
5,15.3,16.668528
6,10.0,10.695913
7,16.1,14.842183
8,18.0,17.58291
9,10.0,10.747709
10,0.0,0.5116593
11,12.0,10.742774
12,10.6,11.7523985
13,12.0,10.4456835
14,12.0,9.860376
15,10.0,13.160387
16,16.5,14.9790325
17,0.0,2.5138555
18,10.0,12.57458
19,10.0,7.242479
20,17.0,16.303026
21,8.0,10.236234
22,8.0,8.165442
23,17.6,16.544756
24,0.0,4.157659
25,8.0,6.788202
26,8.0,9.949453
27,8.0,8.5498495
28,30.0,28.40398
29,10.0,9.693814
