,Accuracy,Accuracy_0,AverageDeviation,AverageDeviation_0,CoefficientOfVariation,CoefficientOfVariation_0,StandardDeviation,StandardDeviation_0
0,60.15325670498084,84.61538461538461,4.416218426350462,11.886947548206033,2.476761491451577,1.5766028430811871,10.937919736223707,18.74099530005858
