,Accuracy,Accuracy_0,AverageDeviation,AverageDeviation_0,CoefficientOfVariation,CoefficientOfVariation_0,StandardDeviation,StandardDeviation_0
0,55.430711610486895,50.0,1.9504913091659546,22.37577247619629,3.4818503856658936,1.1229443550109863,6.791318893432617,25.126747131347656
