,Accuracy,Accuracy_0,AverageDeviation,AverageDeviation_0,CoefficientOfVariation,CoefficientOfVariation_0,StandardDeviation,StandardDeviation_0
0,76.40449438202246,90.76923076923077,3.7809953689575195,7.502552509307861,2.024595260620117,1.4052045345306396,7.654985427856445,10.542620658874512
