,Accuracy,Accuracy_0,AverageDeviation,AverageDeviation_0,CoefficientOfVariation,CoefficientOfVariation_0,StandardDeviation,StandardDeviation_0
0,53.93258426966292,73.41772151898735,7.183095932006836,14.733383178710938,2.1013009548187256,1.4401719570159912,15.093846321105957,21.218605041503906
