,Accuracy,Accuracy_0,AverageDeviation,AverageDeviation_0,CoefficientOfVariation,CoefficientOfVariation_0,StandardDeviation,StandardDeviation_0
0,74.71264367816092,70.47619047619048,16.527532543156347,14.986267979031513,1.6065876345670973,1.6307588532652735,26.552929413740276,24.43898918421152
