,Accuracy,Accuracy_0,AverageDeviation,AverageDeviation_0,CoefficientOfVariation,CoefficientOfVariation_0,StandardDeviation,StandardDeviation_0
0,79.6934865900383,76.16580310880829,3.4161416616362184,3.170411360449124,1.459543524316221,1.4327524065155615,4.986007440387997,4.5424145063277575
