,Origin,Predict
0,25.0,24.673203
1,0.0,0.23898901
2,25.0,22.489693
3,25.0,27.194324
4,25.0,26.018856
5,25.0,23.678333
6,25.0,25.239407
7,25.0,27.211176
8,0.0,1.7828802
9,25.0,22.250319
10,23.0,24.329273
11,23.0,23.271696
12,24.0,22.65014
13,24.0,24.930695
14,24.0,25.777367
15,0.0,1.3736098
16,24.0,23.245056
17,24.0,24.057686
18,24.0,22.880527
19,24.0,25.276169
20,24.0,25.477192
21,24.0,22.166788
22,0.0,1.6627065
23,20.0,21.299288
24,23.0,22.684147
25,25.0,24.815826
26,25.0,27.304583
27,25.0,23.008305
28,17.0,19.318954
29,0.0,0.24186407
