,Accuracy,Accuracy_0,AverageDeviation,AverageDeviation_0,CoefficientOfVariation,CoefficientOfVariation_0,StandardDeviation,StandardDeviation_0
0,66.29213483146067,61.16071428571429,3.951507806777954,3.8167459964752197,1.6022939682006836,1.497859239578247,6.331477165222168,5.71694803237915
