,Accuracy,Accuracy_0,AverageDeviation,AverageDeviation_0,CoefficientOfVariation,CoefficientOfVariation_0,StandardDeviation,StandardDeviation_0
0,58.42696629213483,62.295081967213115,17.14383888244629,43.75794982910156,2.449446678161621,1.4492735862731934,41.992919921875,63.417240142822266
