,Accuracy,Accuracy_0,AverageDeviation,AverageDeviation_0,CoefficientOfVariation,CoefficientOfVariation_0,StandardDeviation,StandardDeviation_0
0,73.5632183908046,69.95073891625616,24.565303091619203,22.272469326545462,1.4710067646226554,1.5101527942869133,36.13572702277768,33.634831789152194
