,Accuracy,Accuracy_0,AverageDeviation,AverageDeviation_0,CoefficientOfVariation,CoefficientOfVariation_0,StandardDeviation,StandardDeviation_0
0,70.11494252873564,66.22222222222223,1.3145927232800774,1.3254774174160429,1.660220343804181,1.6994104637037601,2.1825135830065245,2.2525301925598598
