,Accuracy,Accuracy_0,AverageDeviation,AverageDeviation_0,CoefficientOfVariation,CoefficientOfVariation_0,StandardDeviation,StandardDeviation_0
0,69.34865900383141,70.3125,7.766235625762776,8.085802967799829,1.4746081664199153,1.4884605124235613,11.45215447609107,12.035398428807285
