,Accuracy,Accuracy_0,AverageDeviation,AverageDeviation_0,CoefficientOfVariation,CoefficientOfVariation_0,StandardDeviation,StandardDeviation_0
0,69.66292134831461,66.8918918918919,12.254430770874023,14.093618392944336,1.702207088470459,1.523636817932129,20.85957908630371,21.473556518554688
