,Accuracy,Accuracy_0,AverageDeviation,AverageDeviation_0,CoefficientOfVariation,CoefficientOfVariation_0,StandardDeviation,StandardDeviation_0
0,78.65168539325843,77.02702702702703,532.7977294921875,567.3045654296875,1.718016505241394,1.6651123762130737,915.3552856445312,944.6258544921875
