,Accuracy,Accuracy_0,AverageDeviation,AverageDeviation_0,CoefficientOfVariation,CoefficientOfVariation_0,StandardDeviation,StandardDeviation_0
0,69.28838951310861,73.20261437908496,107.5160903930664,159.91188049316406,1.8383227586746216,1.5128556489944458,197.64927673339844,241.923583984375
