,Origin,Predict
0,0.0,1.42633
1,0.0,7.203067
2,0.0,4.582345
3,0.0,0.83222896
4,0.0,1.1456267
5,0.0,8.802887
6,0.0,5.0696325
7,0.0,4.915181
8,0.0,13.594197
9,0.0,10.028362
10,0.0,2.1965783
11,0.0,2.7391496
12,0.0,3.8360898
13,0.0,2.4104748
14,0.0,9.509907
15,0.0,9.989999
16,0.0,1.2034086
17,0.0,12.031269
18,0.0,6.906876
19,0.0,6.9045844
20,0.0,4.649977
21,0.0,8.655663
22,0.0,0.38859323
23,0.0,1.2626957
24,0.0,1.6720849
25,0.0,8.860285
26,0.0,7.7147856
27,0.0,8.947669
28,0.0,3.2558105
29,0.0,10.0643215
