,Accuracy,Accuracy_0,AverageDeviation,AverageDeviation_0,CoefficientOfVariation,CoefficientOfVariation_0,StandardDeviation,StandardDeviation_0
0,58.052434456928836,63.51351351351351,12.279644012451172,23.998476028442383,2.3804261684417725,1.5113168954849243,29.23078727722168,36.26930236816406
