,Accuracy,Accuracy_0,AverageDeviation,AverageDeviation_0,CoefficientOfVariation,CoefficientOfVariation_0,StandardDeviation,StandardDeviation_0
0,67.79026217228464,61.57635467980296,20.64436912536621,20.60940170288086,1.6341291666030884,1.694231390953064,33.735565185546875,34.91709518432617
