,Origin,Predict
0,0.0,6.405858
1,0.0,3.9602225
2,32.0,18.076082
3,0.0,11.930829
4,0.0,1.572434
5,27.0,17.981218
6,0.0,11.661605
7,30.0,16.405222
8,0.0,10.7282715
9,28.0,21.902695
10,15.0,17.009392
11,0.0,1.0919479
12,0.0,5.763356
13,0.0,6.639896
14,0.0,7.871015
15,18.0,9.915486
16,15.0,25.4191
17,25.0,19.430101
18,0.0,1.8462353
19,0.0,6.530101
20,0.0,0.8817749
21,30.0,24.970472
22,25.0,24.324749
23,20.0,22.837582
24,20.0,14.069715
25,0.0,9.435099
26,33.0,30.4116
27,28.0,25.930773
28,35.0,40.474503
29,35.0,27.184593
