,Accuracy,Accuracy_0,AverageDeviation,AverageDeviation_0,CoefficientOfVariation,CoefficientOfVariation_0,StandardDeviation,StandardDeviation_0
0,55.80524344569289,52.94117647058824,2.8862297534942627,8.560627937316895,2.4222474098205566,1.4234552383422852,6.991162300109863,12.185670852661133
