,Accuracy,Accuracy_0,AverageDeviation,AverageDeviation_0,CoefficientOfVariation,CoefficientOfVariation_0,StandardDeviation,StandardDeviation_0
0,80.84291187739464,79.0909090909091,3.355240473961921,3.1245823576233605,1.5485032873065088,1.5001519641613719,5.195600903633883,4.6873483609726545
