,Accuracy,Accuracy_0,AverageDeviation,AverageDeviation_0,CoefficientOfVariation,CoefficientOfVariation_0,StandardDeviation,StandardDeviation_0
0,76.24521072796935,72.6457399103139,5.74816095130197,5.336689544472457,1.4631378842900846,1.5048577000975916,8.410352052846845,8.030958354029686
