,Accuracy,Accuracy_0,AverageDeviation,AverageDeviation_0,CoefficientOfVariation,CoefficientOfVariation_0,StandardDeviation,StandardDeviation_0
0,83.14176245210729,80.78817733990148,6.155693489376644,5.643353434031819,1.442997654781437,1.4952152501875664,8.882651268723858,8.438028116762748
