,Accuracy,Accuracy_0,AverageDeviation,AverageDeviation_0,CoefficientOfVariation,CoefficientOfVariation_0,StandardDeviation,StandardDeviation_0
0,72.03065134099617,67.96116504854369,5.289265744393812,4.953455510185761,1.4178210924832564,1.3928688761834618,7.499232536150698,6.899514009697217
