,Accuracy,Accuracy_0,AverageDeviation,AverageDeviation_0,CoefficientOfVariation,CoefficientOfVariation_0,StandardDeviation,StandardDeviation_0
0,65.91760299625467,65.73426573426573,6.093175411224365,8.580629348754883,1.7752536535263062,1.4834048748016357,10.81693172454834,12.728547096252441
