,Accuracy,Accuracy_0,AverageDeviation,AverageDeviation_0,CoefficientOfVariation,CoefficientOfVariation_0,StandardDeviation,StandardDeviation_0
0,65.13409961685824,60.60606060606061,6.2099280173272975,6.576444518927372,1.9974488101746661,1.8058969527706479,12.404013329480733,11.87638111679617
