,Accuracy,Accuracy_0,AverageDeviation,AverageDeviation_0,CoefficientOfVariation,CoefficientOfVariation_0,StandardDeviation,StandardDeviation_0
0,61.68582375478927,69.38775510204081,2.072566294981259,3.464113224647483,1.7097072636516648,1.4085604237502816,3.5434816489290775,4.879412791628413
