,Accuracy,Accuracy_0,AverageDeviation,AverageDeviation_0,CoefficientOfVariation,CoefficientOfVariation_0,StandardDeviation,StandardDeviation_0
0,47.565543071161045,77.77777777777779,1.5746393203735352,30.98710823059082,4.294458389282227,1.1181076765060425,6.762223243713379,34.64692306518555
