,Accuracy,Accuracy_0,AverageDeviation,AverageDeviation_0,CoefficientOfVariation,CoefficientOfVariation_0,StandardDeviation,StandardDeviation_0
0,76.02996254681648,71.49321266968326,32.16853332519531,33.79340362548828,1.5086699724197388,1.4582394361495972,48.531700134277344,49.278873443603516
