,Accuracy,Accuracy_0,AverageDeviation,AverageDeviation_0,CoefficientOfVariation,CoefficientOfVariation_0,StandardDeviation,StandardDeviation_0
0,74.53183520599251,73.03370786516854,21.791366577148438,20.771787643432617,1.7354483604431152,1.7070932388305664,37.81779098510742,35.45937728881836
