,Accuracy,Accuracy_0,AverageDeviation,AverageDeviation_0,CoefficientOfVariation,CoefficientOfVariation_0,StandardDeviation,StandardDeviation_0
0,67.79026217228464,78.26086956521739,8.133516311645508,46.9316291809082,2.589569091796875,1.191159963607788,21.062301635742188,55.903076171875
