,Accuracy,Accuracy_0,AverageDeviation,AverageDeviation_0,CoefficientOfVariation,CoefficientOfVariation_0,StandardDeviation,StandardDeviation_0
0,75.86206896551724,85.2112676056338,8.330051652807382,8.392125305323532,1.4577056375891748,1.4672756450646434,12.142763255706345,12.313561070831902
