,Accuracy,Accuracy_0,AverageDeviation,AverageDeviation_0,CoefficientOfVariation,CoefficientOfVariation_0,StandardDeviation,StandardDeviation_0
0,72.28464419475655,65.55023923444976,4.486093997955322,4.228085994720459,1.5891565084457397,1.526357650756836,7.129105567932129,6.453571319580078
