,Accuracy,Accuracy_0,AverageDeviation,AverageDeviation_0,CoefficientOfVariation,CoefficientOfVariation_0,StandardDeviation,StandardDeviation_0
0,68.53932584269663,63.22869955156951,20.28948974609375,20.742244720458984,1.7359764575958252,1.6348634958267212,35.222076416015625,33.91073989868164
