,Accuracy,Accuracy_0,AverageDeviation,AverageDeviation_0,CoefficientOfVariation,CoefficientOfVariation_0,StandardDeviation,StandardDeviation_0
0,76.62835249042146,74.69879518072288,3.6532972820731184,3.4307258492492756,1.3500983908137876,1.3731697972628916,4.932310781691301,4.7109691188781895
