,Origin,Predict
0,0.0,4.5897584
1,12.0,4.7556953
2,10.0,10.623575
3,12.0,11.653508
4,0.0,2.7864373
5,0.0,0.40137056
6,13.0,10.042346
7,5.0,7.9567523
8,12.0,8.712455
9,12.0,13.448145
10,12.0,13.942955
11,0.0,1.2398767
12,0.0,1.7291245
13,0.0,3.9128153
14,12.0,5.3664703
15,0.0,7.4390707
16,13.0,9.784248
17,13.0,11.474222
18,0.0,2.7453449
19,6.0,3.938859
20,13.0,11.91724
21,13.0,16.51513
22,13.0,10.595384
23,0.0,0.6993919
24,0.0,0.910079
25,0.0,2.613681
26,0.0,2.0887837
27,0.0,4.559033
28,21.0,12.801299
29,4.0,12.099537
