,Accuracy,Accuracy_0,AverageDeviation,AverageDeviation_0,CoefficientOfVariation,CoefficientOfVariation_0,StandardDeviation,StandardDeviation_0
0,83.14176245210729,78.64077669902912,4.121483551703709,4.17042186099638,1.4300443925651056,1.4144551019131828,5.893904442163205,5.898874478416601
