,Accuracy,Accuracy_0,AverageDeviation,AverageDeviation_0,CoefficientOfVariation,CoefficientOfVariation_0,StandardDeviation,StandardDeviation_0
0,56.55430711610487,25.0,1.969857096672058,26.045211791992188,5.2327656745910645,1.7284992933273315,10.30780029296875,45.01913070678711
