,Accuracy,Accuracy_0,AverageDeviation,AverageDeviation_0,CoefficientOfVariation,CoefficientOfVariation_0,StandardDeviation,StandardDeviation_0
0,75.65543071161048,71.94570135746606,7.784237384796143,7.222970962524414,1.6877199411392212,1.5619840621948242,13.137612342834473,11.28216552734375
