,Accuracy,Accuracy_0,AverageDeviation,AverageDeviation_0,CoefficientOfVariation,CoefficientOfVariation_0,StandardDeviation,StandardDeviation_0
0,59.77011494252874,52.31481481481482,5.23052097668593,4.378836411016959,1.6376837951851315,1.461548487114819,8.565939443894454,6.39988173184512
