,Accuracy,Accuracy_0,AverageDeviation,AverageDeviation_0,CoefficientOfVariation,CoefficientOfVariation_0,StandardDeviation,StandardDeviation_0
0,70.4119850187266,64.24581005586593,7.216090202331543,7.09225606918335,1.3585768938064575,1.310792088508606,9.803613662719727,9.296473503112793
