,Accuracy,Accuracy_0,AverageDeviation,AverageDeviation_0,CoefficientOfVariation,CoefficientOfVariation_0,StandardDeviation,StandardDeviation_0
0,70.78651685393258,65.13761467889908,13.668460845947266,11.940956115722656,1.723154902458191,1.7297933101654053,23.552875518798828,20.655385971069336
