,Accuracy,Accuracy_0,AverageDeviation,AverageDeviation_0,CoefficientOfVariation,CoefficientOfVariation_0,StandardDeviation,StandardDeviation_0
0,69.73180076628353,73.17073170731707,8.917391570772391,10.05705911279694,1.4248754208054744,1.3909776450323768,12.7061720668915,13.989144400669693
