,Origin,Predict
0,0.0,20.430828
1,0.0,29.87245
2,0.0,6.7492714
3,0.0,13.039091
4,0.0,5.352647
5,0.0,15.860489
6,0.0,5.199815
7,0.0,16.615532
8,100.0,62.467712
9,0.0,11.279158
10,0.0,3.0139287
11,0.0,9.5686655
12,0.0,2.1650257
13,0.0,12.5160675
14,0.0,5.9075117
15,0.0,17.894707
16,0.0,10.864923
17,0.0,0.44307533
18,0.0,3.9736543
19,0.0,5.927167
20,0.0,6.85184
21,0.0,0.0973335
22,0.0,4.4391255
23,0.0,4.9271703
24,0.0,0.7865205
25,0.0,3.3317463
26,0.0,0.11779761
27,0.0,8.964574
28,0.0,10.453749
29,0.0,5.1181693
