,Accuracy,Accuracy_0,AverageDeviation,AverageDeviation_0,CoefficientOfVariation,CoefficientOfVariation_0,StandardDeviation,StandardDeviation_0
0,74.15730337078652,68.80733944954129,7.0330729484558105,6.578768730163574,1.5152958631515503,1.461896300315857,10.657186508178711,9.617477416992188
