,Accuracy,Accuracy_0,AverageDeviation,AverageDeviation_0,CoefficientOfVariation,CoefficientOfVariation_0,StandardDeviation,StandardDeviation_0
0,71.26436781609196,69.89247311827957,3.4069258241006084,4.188954803892361,1.4719665536098392,1.3679151869825215,5.014880863705733,5.730134893827751
