,Origin,Predict
0,0.0,3.3230684
1,0.0,4.3050385
2,15.0,16.454838
3,15.0,14.988632
4,15.0,14.495086
5,15.0,15.6686735
6,15.0,14.688119
7,15.0,16.62207
8,0.0,0.050476745
9,15.0,12.385769
10,0.0,4.6025496
11,15.0,14.6910305
12,20.0,19.283142
13,20.0,22.416018
14,20.0,15.525609
15,0.0,0.7973404
16,15.0,18.759224
17,15.0,9.29697
18,15.0,14.523495
19,15.0,14.953201
20,15.0,17.062243
21,15.0,14.939316
22,0.0,0.32980317
23,15.0,13.519328
24,15.0,14.030743
25,15.5,15.177407
26,0.0,2.2624404
27,0.0,2.3775728
28,0.0,1.8754401
29,0.0,10.528246
