,Accuracy,Accuracy_0,AverageDeviation,AverageDeviation_0,CoefficientOfVariation,CoefficientOfVariation_0,StandardDeviation,StandardDeviation_0
0,71.16104868913857,72.0,92.1448974609375,95.51544952392578,1.8585327863693237,1.5726765394210815,171.2543182373047,150.21490478515625
