,Accuracy,Accuracy_0,AverageDeviation,AverageDeviation_0,CoefficientOfVariation,CoefficientOfVariation_0,StandardDeviation,StandardDeviation_0
0,60.67415730337079,59.43396226415094,9.021342277526855,14.972543716430664,1.8088886737823486,1.4315284490585327,16.318603515625,21.433622360229492
