,Accuracy,Accuracy_0,AverageDeviation,AverageDeviation_0,CoefficientOfVariation,CoefficientOfVariation_0,StandardDeviation,StandardDeviation_0
0,73.03370786516854,68.18181818181817,7.453170299530029,6.848155498504639,1.7711423635482788,1.5615628957748413,13.2006254196167,10.693825721740723
