,Accuracy,Accuracy_0,AverageDeviation,AverageDeviation_0,CoefficientOfVariation,CoefficientOfVariation_0,StandardDeviation,StandardDeviation_0
0,73.03370786516854,69.26605504587155,1657.024658203125,1783.1536865234375,1.3626434803009033,1.3124889135360718,2257.933837890625,2340.369384765625
