,Accuracy,Accuracy_0,AverageDeviation,AverageDeviation_0,CoefficientOfVariation,CoefficientOfVariation_0,StandardDeviation,StandardDeviation_0
0,64.75095785440614,63.06306306306306,6.8966736151547785,7.578077599808976,1.5835732391473267,1.3703676704013028,10.921387776092557,10.384752546570523
