,Accuracy,Accuracy_0,AverageDeviation,AverageDeviation_0,CoefficientOfVariation,CoefficientOfVariation_0,StandardDeviation,StandardDeviation_0
0,61.79775280898876,46.808510638297875,27.51346206665039,42.414634704589844,1.5034677982330322,1.2207586765289307,41.365604400634766,51.77803421020508
