,Accuracy,Accuracy_0,AverageDeviation,AverageDeviation_0,CoefficientOfVariation,CoefficientOfVariation_0,StandardDeviation,StandardDeviation_0
0,66.66666666666666,63.41463414634146,36.119441986083984,134.25950622558594,2.558548927307129,1.2393712997436523,92.41336059570312,166.3973846435547
