,Accuracy,Accuracy_0,AverageDeviation,AverageDeviation_0,CoefficientOfVariation,CoefficientOfVariation_0,StandardDeviation,StandardDeviation_0
0,74.71264367816092,71.21951219512195,6.816388149997681,6.398377936758641,1.3339341635438464,1.340735268150673,9.092613025257343,8.578530958769447
