,Accuracy,Accuracy_0,AverageDeviation,AverageDeviation_0,CoefficientOfVariation,CoefficientOfVariation_0,StandardDeviation,StandardDeviation_0
0,72.41379310344827,69.19642857142857,5.538832251002504,4.692999945793832,1.4692669277032258,1.4378472953185593,8.138023044493991,6.747817278989807
