,Accuracy,Accuracy_0,AverageDeviation,AverageDeviation_0,CoefficientOfVariation,CoefficientOfVariation_0,StandardDeviation,StandardDeviation_0
0,65.91760299625467,61.5819209039548,5.256202220916748,5.4086689949035645,1.6006112098693848,1.464942455291748,8.41313648223877,7.923388957977295
