,Accuracy,Accuracy_0,AverageDeviation,AverageDeviation_0,CoefficientOfVariation,CoefficientOfVariation_0,StandardDeviation,StandardDeviation_0
0,81.27340823970037,78.50877192982456,7485.3984375,7620.8662109375,1.4347368478775024,1.4022548198699951,10739.5771484375,10686.396484375
