,Accuracy,Accuracy_0,AverageDeviation,AverageDeviation_0,CoefficientOfVariation,CoefficientOfVariation_0,StandardDeviation,StandardDeviation_0
0,69.73180076628353,63.28502415458937,6.156064915394416,5.5090326428989265,1.4433969419455108,1.4614762014932476,8.88564527329835,8.05132010084623
