,Origin,Predict
0,0.0,3.5358036
1,70.0,68.51422
2,69.4,73.079956
3,70.0,66.997955
4,55.0,63.770508
5,70.0,69.77553
6,70.0,70.425316
7,0.0,2.9621408
8,70.0,69.59872
9,70.0,70.26665
10,70.0,71.8648
11,70.0,68.465805
12,70.0,72.71489
13,70.0,72.89107
14,0.0,1.314079
15,74.9,75.79583
16,70.0,67.76324
17,70.0,67.98277
18,70.0,67.292175
19,72.4,72.07744
20,70.0,71.82739
21,0.0,3.1238284
22,70.0,70.37894
23,70.0,66.03039
24,72.6,70.4641
25,70.0,69.64647
26,73.1,73.391754
27,73.6,74.39439
28,0.0,1.1453999
29,75.0,60.332947
