,Accuracy,Accuracy_0,AverageDeviation,AverageDeviation_0,CoefficientOfVariation,CoefficientOfVariation_0,StandardDeviation,StandardDeviation_0
0,70.88122605363985,75.75757575757575,10.128635083423335,11.299105456795054,1.410438595460679,1.4131995421017272,14.285817840997368,15.967890657701897
