,Accuracy,Accuracy_0,AverageDeviation,AverageDeviation_0,CoefficientOfVariation,CoefficientOfVariation_0,StandardDeviation,StandardDeviation_0
0,70.0374531835206,64.25120772946859,6.767780780792236,6.885030269622803,1.6386643648147583,1.5946850776672363,11.090121269226074,10.97945499420166
