,Accuracy,Accuracy_0,AverageDeviation,AverageDeviation_0,CoefficientOfVariation,CoefficientOfVariation_0,StandardDeviation,StandardDeviation_0
0,72.65917602996255,62.34567901234568,3.526215076446533,3.6421396732330322,1.4810693264007568,1.4682581424713135,5.222568988800049,5.347601413726807
