,Accuracy,Accuracy_0,AverageDeviation,AverageDeviation_0,CoefficientOfVariation,CoefficientOfVariation_0,StandardDeviation,StandardDeviation_0
0,49.063670411985015,65.0,13.865514755249023,30.219715118408203,2.4814717769622803,1.544851303100586,34.406883239746094,46.684967041015625
