,Accuracy,Accuracy_0,AverageDeviation,AverageDeviation_0,CoefficientOfVariation,CoefficientOfVariation_0,StandardDeviation,StandardDeviation_0
0,75.28089887640449,70.77625570776256,4.7338385581970215,4.580474853515625,1.5049859285354614,1.4969887733459473,7.12436056137085,6.856919288635254
