,Accuracy,Accuracy_0,AverageDeviation,AverageDeviation_0,CoefficientOfVariation,CoefficientOfVariation_0,StandardDeviation,StandardDeviation_0
0,65.13409961685824,80.0,3.945367314418157,9.175249793096022,1.7183121863165214,1.3384664263156245,6.779372735859606,12.280763801118406
