,Accuracy,Accuracy_0,AverageDeviation,AverageDeviation_0,CoefficientOfVariation,CoefficientOfVariation_0,StandardDeviation,StandardDeviation_0
0,66.66666666666666,61.94690265486725,14.172480583190918,13.849749565124512,2.3679089546203613,2.3837549686431885,33.55914306640625,33.014408111572266
