,Accuracy,Accuracy_0,AverageDeviation,AverageDeviation_0,CoefficientOfVariation,CoefficientOfVariation_0,StandardDeviation,StandardDeviation_0
0,70.0374531835206,68.8118811881188,71.7981948852539,79.11907196044922,1.5475354194641113,1.520263671875,111.1102523803711,120.28185272216797
