,Accuracy,Accuracy_0,AverageDeviation,AverageDeviation_0,CoefficientOfVariation,CoefficientOfVariation_0,StandardDeviation,StandardDeviation_0
0,73.9463601532567,70.33898305084746,8.338705477320458,10.653332274347168,1.4916828319365567,1.4142337599066248,12.438703801094258,15.066302157884591
