,Origin,Predict
0,44.0,47.667145
1,50.0,58.95939
2,46.0,28.548553
3,0.0,17.517166
4,42.0,40.637714
5,35.0,37.152245
6,42.5,41.246445
7,42.5,38.501385
8,45.0,36.778988
9,0.0,9.092361
10,0.0,10.30245
11,45.0,40.80766
12,47.0,32.11007
13,0.0,29.612082
14,51.0,29.915709
15,41.0,43.834656
16,0.0,4.5486016
17,0.0,1.3911376
18,51.0,37.36686
19,0.0,15.293679
20,0.0,15.240836
21,0.0,1.5427232
22,57.0,44.677555
23,0.0,15.197685
24,0.0,14.953359
25,0.0,13.637508
26,44.0,36.71805
27,41.0,29.437965
28,0.0,16.856003
29,45.0,24.494547
