,Accuracy,Accuracy_0,AverageDeviation,AverageDeviation_0,CoefficientOfVariation,CoefficientOfVariation_0,StandardDeviation,StandardDeviation_0
0,70.4119850187266,66.04651162790698,70.30268859863281,70.75245666503906,1.5087993144989014,1.4142510890960693,106.07264709472656,100.06173706054688
