,Accuracy,Accuracy_0,AverageDeviation,AverageDeviation_0,CoefficientOfVariation,CoefficientOfVariation_0,StandardDeviation,StandardDeviation_0
0,71.53558052434457,67.69911504424779,3.9057374000549316,3.368267059326172,2.1112654209136963,1.6686899662017822,8.246047973632812,5.620593547821045
