,Accuracy,Accuracy_0,AverageDeviation,AverageDeviation_0,CoefficientOfVariation,CoefficientOfVariation_0,StandardDeviation,StandardDeviation_0
0,79.6934865900383,75.71428571428571,10.88711332594298,10.23632021438508,1.5157159469999275,1.5139360266745636,16.501771284927194,15.497133953134664
