,Accuracy,Accuracy_0,AverageDeviation,AverageDeviation_0,CoefficientOfVariation,CoefficientOfVariation_0,StandardDeviation,StandardDeviation_0
0,46.441947565543074,60.0,2.7176883220672607,63.9055061340332,4.586026191711426,1.1266682147979736,12.463390350341797,72.00030517578125
