,Accuracy,Accuracy_0,AverageDeviation,AverageDeviation_0,CoefficientOfVariation,CoefficientOfVariation_0,StandardDeviation,StandardDeviation_0
0,71.91011235955057,69.72477064220183,154.71966552734375,170.31231689453125,1.3847306966781616,1.3431391716003418,214.2450714111328,228.75314331054688
