,Origin,Predict
0,0.0,32.61733
1,0.0,12.731
2,0.0,14.772107
3,0.0,13.003287
4,0.0,3.6931295
5,0.0,4.467942
6,0.0,5.440079
7,0.0,10.272305
8,0.0,5.9089932
9,0.0,7.3613257
10,0.0,6.681421
11,0.0,11.467021
12,0.0,15.987919
13,0.0,20.725899
14,100.0,32.23114
15,0.0,26.586485
16,0.0,24.91137
17,0.0,10.678595
18,100.0,3.0078938
19,0.0,30.667355
20,0.0,12.411565
21,0.0,7.455757
22,0.0,10.355548
23,0.0,3.4814827
24,0.0,3.4215565
25,0.0,3.4368143
26,0.0,7.44118
27,0.0,0.9872027
28,0.0,3.4444797
29,0.0,1.2839509
