,Accuracy,Accuracy_0,AverageDeviation,AverageDeviation_0,CoefficientOfVariation,CoefficientOfVariation_0,StandardDeviation,StandardDeviation_0
0,76.24521072796935,80.26315789473685,4.729934232736228,5.623848606410779,1.3021483032583985,1.2538047529645704,6.159075835681294,7.05120811267101
