,Accuracy,Accuracy_0,AverageDeviation,AverageDeviation_0,CoefficientOfVariation,CoefficientOfVariation_0,StandardDeviation,StandardDeviation_0
0,68.91385767790263,63.41463414634146,13.415006637573242,16.19463539123535,1.6465070247650146,1.4565775394439697,22.087902069091797,23.588741302490234
