,Accuracy,Accuracy_0,AverageDeviation,AverageDeviation_0,CoefficientOfVariation,CoefficientOfVariation_0,StandardDeviation,StandardDeviation_0
0,82.75862068965517,79.91071428571429,10.245119262381072,9.347175289903364,1.4221462622540748,1.4032208027700357,14.570058065342467,13.116150813930439
