,Accuracy,Accuracy_0,AverageDeviation,AverageDeviation_0,CoefficientOfVariation,CoefficientOfVariation_0,StandardDeviation,StandardDeviation_0
0,76.62835249042146,76.878612716763,4.742769725917628,4.862696726473769,1.392716662102506,1.4321047300740943,6.6053344218008165,6.963890982898899
