,Origin,Predict
0,0.0,1.1506373
1,0.0,6.3717213
2,0.0,6.6250935
3,18.0,19.44336
4,0.0,1.4861919
5,3.0,3.3889046
6,0.0,1.1270071
7,0.0,1.9615209
8,0.0,2.4901931
9,0.0,3.9366481
10,0.0,4.3823624
11,0.0,2.6327384
12,0.0,8.100248
13,0.0,17.154266
14,0.0,13.364659
15,40.0,28.20475
16,40.0,40.20922
17,0.0,12.657985
18,0.0,9.306079
19,0.0,1.3275656
20,0.0,11.771549
21,86.5,70.23975
22,0.0,14.2839365
23,0.0,5.238555
24,20.0,11.696468
25,0.0,6.626944
26,0.0,0.32994145
27,0.0,7.2408967
28,0.0,8.265408
29,0.0,9.004266
