,Accuracy,Accuracy_0,AverageDeviation,AverageDeviation_0,CoefficientOfVariation,CoefficientOfVariation_0,StandardDeviation,StandardDeviation_0
0,76.24521072796935,73.48066298342542,5.7584847777981985,5.409096715200013,1.418811529285295,1.3909442119531505,8.170204593953954,7.523751767902257
