,Accuracy,Accuracy_0,AverageDeviation,AverageDeviation_0,CoefficientOfVariation,CoefficientOfVariation_0,StandardDeviation,StandardDeviation_0
0,67.79026217228464,61.92660550458715,5.1384711265563965,4.821432590484619,1.6410291194915771,1.5537588596343994,8.432380676269531,7.4913434982299805
