,Accuracy,Accuracy_0,AverageDeviation,AverageDeviation_0,CoefficientOfVariation,CoefficientOfVariation_0,StandardDeviation,StandardDeviation_0
0,73.5632183908046,66.83937823834198,18.414464877026294,15.39607499671106,1.4741167804551292,1.4283037692576683,27.145071678326055,21.99027194957615
