,Accuracy,Accuracy_0,AverageDeviation,AverageDeviation_0,CoefficientOfVariation,CoefficientOfVariation_0,StandardDeviation,StandardDeviation_0
0,67.79026217228464,63.47826086956522,9.2970552444458,7.83788537979126,1.873149037361145,1.7778551578521729,17.414770126342773,13.934624671936035
