,Accuracy,Accuracy_0,AverageDeviation,AverageDeviation_0,CoefficientOfVariation,CoefficientOfVariation_0,StandardDeviation,StandardDeviation_0
0,66.66666666666666,80.32786885245902,4.832008541120891,7.929328655024044,1.4951700083564747,1.2288806478889003,7.22467425080628,9.74419853490997
