,Accuracy,Accuracy_0,AverageDeviation,AverageDeviation_0,CoefficientOfVariation,CoefficientOfVariation_0,StandardDeviation,StandardDeviation_0
0,72.03065134099617,64.96815286624204,10.734116608207025,9.65923206502465,1.3604034605888555,1.3865120416502643,14.602729380169144,13.392641571251026
