,Accuracy,Accuracy_0,AverageDeviation,AverageDeviation_0,CoefficientOfVariation,CoefficientOfVariation_0,StandardDeviation,StandardDeviation_0
0,59.38697318007663,60.0,10.580205454433987,30.862034851312636,1.9020470965651284,1.2639629871750495,20.1240490656687,39.0084697609656
