,Accuracy,Accuracy_0,AverageDeviation,AverageDeviation_0,CoefficientOfVariation,CoefficientOfVariation_0,StandardDeviation,StandardDeviation_0
0,64.36781609195403,59.54545454545455,4.3017131407313425,3.849183932217685,1.561332432812547,1.5538959365413638,6.7164042432797695,5.981231271273369
