,Origin,Predict
0,27.4,27.74663
1,27.1,25.615377
2,27.6,27.385271
3,0.0,1.2671658
4,27.5,26.80915
5,27.8,26.271116
6,27.6,29.171844
7,27.8,27.379892
8,26.6,24.108303
9,26.9,27.351809
10,0.0,0.095124565
11,27.1,26.453806
12,26.9,25.530436
13,26.8,29.382544
14,27.2,30.606363
15,27.1,27.340849
16,29.3,24.903763
17,0.0,0.5282488
18,27.6,28.755823
19,28.4,29.003326
20,27.1,27.228643
21,27.3,25.678837
22,27.4,28.735552
23,27.2,25.863922
24,0.0,3.0402775
25,27.2,27.229065
26,27.4,25.568663
27,27.5,28.614552
28,25.9,30.278866
29,27.5,30.008385
