,Accuracy,Accuracy_0,AverageDeviation,AverageDeviation_0,CoefficientOfVariation,CoefficientOfVariation_0,StandardDeviation,StandardDeviation_0
0,65.13409961685824,58.58585858585859,7.770185494497133,6.914285282173542,1.4297467282438734,1.4304151627072144,11.10939728860528,9.890298506904365
