,Accuracy,Accuracy_0,AverageDeviation,AverageDeviation_0,CoefficientOfVariation,CoefficientOfVariation_0,StandardDeviation,StandardDeviation_0
0,73.9463601532567,72.43589743589743,5.790299616839694,5.230301694992259,1.912274681446434,1.5286205691082397,11.072643355271534,7.995146753606858
