,Accuracy,Accuracy_0,AverageDeviation,AverageDeviation_0,CoefficientOfVariation,CoefficientOfVariation_0,StandardDeviation,StandardDeviation_0
0,74.15730337078652,69.01408450704226,4.8683037757873535,4.223711013793945,1.85854172706604,1.6178287267684937,9.047945976257324,6.833240985870361
