,Accuracy,Accuracy_0,AverageDeviation,AverageDeviation_0,CoefficientOfVariation,CoefficientOfVariation_0,StandardDeviation,StandardDeviation_0
0,70.4119850187266,63.55140186915887,7.675461292266846,7.1654276847839355,1.6523772478103638,1.5601098537445068,12.682757377624512,11.178853988647461
