,Accuracy,Accuracy_0,AverageDeviation,AverageDeviation_0,CoefficientOfVariation,CoefficientOfVariation_0,StandardDeviation,StandardDeviation_0
0,47.19101123595505,68.42105263157895,0.9375068545341492,8.491137504577637,4.1429877281188965,1.4783072471618652,3.8840792179107666,12.552510261535645
