,Accuracy,Accuracy_0,AverageDeviation,AverageDeviation_0,CoefficientOfVariation,CoefficientOfVariation_0,StandardDeviation,StandardDeviation_0
0,62.06896551724138,100.0,1.4469671039293446,3.9707918571164975,1.598973058748707,1.1922423856909357,2.3136614160786624,4.734146356810714
