,Accuracy,Accuracy_0,AverageDeviation,AverageDeviation_0,CoefficientOfVariation,CoefficientOfVariation_0,StandardDeviation,StandardDeviation_0
0,54.30711610486891,81.81818181818183,1.91607666015625,21.764793395996094,3.357193946838379,1.1462945938110352,6.43264102935791,24.948863983154297
