,Accuracy,Accuracy_0,AverageDeviation,AverageDeviation_0,CoefficientOfVariation,CoefficientOfVariation_0,StandardDeviation,StandardDeviation_0
0,52.43445692883895,67.21311475409836,5.156994819641113,15.3881196975708,3.416419506072998,2.26895809173584,17.618457794189453,34.91499710083008
