,Accuracy,Accuracy_0,AverageDeviation,AverageDeviation_0,CoefficientOfVariation,CoefficientOfVariation_0,StandardDeviation,StandardDeviation_0
0,53.25670498084292,71.1864406779661,19.027441187860926,36.2622307864286,1.8507250585018953,1.2186074701728409,35.214562205545285,44.189425321473465
