,Accuracy,Accuracy_0,AverageDeviation,AverageDeviation_0,CoefficientOfVariation,CoefficientOfVariation_0,StandardDeviation,StandardDeviation_0
0,83.9080459770115,80.64516129032258,2.626293339055759,2.475780756023074,1.4027851110965044,1.3851507639397866,3.6841251933993426,3.429329605552783
