,Accuracy,Accuracy_0,AverageDeviation,AverageDeviation_0,CoefficientOfVariation,CoefficientOfVariation_0,StandardDeviation,StandardDeviation_0
0,69.73180076628353,64.13043478260869,13.822469188061719,11.229311899257747,1.6368161002471178,1.8157961495277906,22.624840112189126,20.390141308518817
