,Accuracy,Accuracy_0,AverageDeviation,AverageDeviation_0,CoefficientOfVariation,CoefficientOfVariation_0,StandardDeviation,StandardDeviation_0
0,47.565543071161045,61.111111111111114,2.9229280948638916,8.839428901672363,2.1929070949554443,1.2261942625045776,6.409709453582764,10.83885669708252
