,Accuracy,Accuracy_0,AverageDeviation,AverageDeviation_0,CoefficientOfVariation,CoefficientOfVariation_0,StandardDeviation,StandardDeviation_0
0,76.24521072796935,73.54260089686099,4.6881150897663675,4.461711141132987,1.4006164116200692,1.369291528854824,6.566250934290468,6.109383269750589
