,Accuracy,Accuracy_0,AverageDeviation,AverageDeviation_0,CoefficientOfVariation,CoefficientOfVariation_0,StandardDeviation,StandardDeviation_0
0,65.13409961685824,82.45614035087719,4.939599082872076,11.175523441567558,1.871416914821513,1.4037186510852135,9.244049276123635,15.687290690568394
