,Accuracy,Accuracy_0,AverageDeviation,AverageDeviation_0,CoefficientOfVariation,CoefficientOfVariation_0,StandardDeviation,StandardDeviation_0
0,80.84291187739464,79.39698492462311,6.080836857130244,5.5731131587196225,1.3970895138926702,1.4168366125276692,8.495473408788724,7.896190769033688
