,Accuracy,Accuracy_0,AverageDeviation,AverageDeviation_0,CoefficientOfVariation,CoefficientOfVariation_0,StandardDeviation,StandardDeviation_0
0,79.6934865900383,75.47169811320755,9.481328902253699,8.205203189489975,1.4045999340529371,1.4200779025404389,13.317473950839753,11.652027735249042
