,Origin,Predict
0,105.4,106.575455
1,95.0,92.31132
2,0.0,0.12840681
3,89.1,89.69785
4,103.3,100.16307
5,107.7,103.20427
6,96.9,93.8905
7,102.8,102.99818
8,98.3,98.08122
9,0.0,0.8466229
10,99.3,97.755104
11,102.0,100.93704
12,95.7,99.79588
13,95.4,91.18666
14,97.3,95.800735
15,98.2,96.104126
16,0.0,4.6481667
17,100.6,99.73366
18,95.0,96.51722
19,100.0,100.34027
20,106.2,106.16486
21,102.7,100.41224
22,80.0,89.449936
23,0.0,2.9670749
24,94.4,99.49774
25,95.6,95.16598
26,90.8,88.10716
27,93.4,92.82314
28,86.9,93.77866
29,85.6,84.28264
