,Accuracy,Accuracy_0,AverageDeviation,AverageDeviation_0,CoefficientOfVariation,CoefficientOfVariation_0,StandardDeviation,StandardDeviation_0
0,77.77777777777779,74.0909090909091,4.847060779325123,4.852674101049249,1.410187754901074,1.405623233529199,6.835265758265544,6.821031461180245
