,Origin,Predict
0,20.0,2.3649929
1,0.0,3.9574132
2,0.0,5.7645636
3,18.7,12.778732
4,23.1,40.804466
5,72.6,37.04033
6,0.0,14.975076
7,43.7,23.39342
8,73.8,59.1284
9,53.3,60.245373
10,55.1,54.788544
11,58.2,32.549786
12,59.7,47.874523
13,0.0,20.134106
14,61.3,35.578457
15,56.0,46.307285
16,53.8,55.967136
17,52.3,65.76334
18,55.1,37.91096
19,50.0,51.015125
20,0.0,12.968056
21,63.3,63.738506
22,77.8,79.804405
23,104.2,104.02204
24,179.5,157.5904
25,182.9,165.49939
26,135.5,140.79445
27,0.0,16.176628
28,135.0,111.75862
29,81.3,105.38251
