,Accuracy,Accuracy_0,AverageDeviation,AverageDeviation_0,CoefficientOfVariation,CoefficientOfVariation_0,StandardDeviation,StandardDeviation_0
0,65.1685393258427,60.37735849056604,15.202351570129395,22.07135772705078,2.5926589965820312,2.301724910736084,39.414512634277344,50.80219268798828
