,Origin,Predict
0,16.7,12.507007
1,0.0,1.9551156
2,17.3,14.290613
3,16.9,19.901346
4,18.8,21.804588
5,15.8,18.513292
6,16.1,17.287704
7,14.8,16.385561
8,0.0,3.3610408
9,14.0,11.011057
10,13.7,13.420209
11,15.6,17.574903
12,18.0,19.092281
13,15.6,17.948076
14,17.1,20.819994
15,15.6,10.02095
16,14.9,12.506658
17,0.0,5.348942
18,0.0,4.3169622
19,15.0,11.579994
20,12.9,12.952755
21,14.1,13.863076
22,0.0,6.328721
23,13.3,13.624309
24,11.8,11.010569
25,11.9,9.638027
26,11.6,14.015474
27,10.8,14.650904
28,11.6,11.136786
29,0.0,2.0870922
