,Accuracy,Accuracy_0,AverageDeviation,AverageDeviation_0,CoefficientOfVariation,CoefficientOfVariation_0,StandardDeviation,StandardDeviation_0
0,48.68913857677903,52.0,1.715168833732605,7.815865516662598,3.867809772491455,1.3988683223724365,6.633946895599365,10.933366775512695
