,Accuracy,Accuracy_0,AverageDeviation,AverageDeviation_0,CoefficientOfVariation,CoefficientOfVariation_0,StandardDeviation,StandardDeviation_0
0,78.544061302682,75.0,1.514262334776907,1.4061964147495771,1.3562141339226905,1.3608778091949238,2.0536639808912143,1.913661496202161
