,Accuracy,Accuracy_0,AverageDeviation,AverageDeviation_0,CoefficientOfVariation,CoefficientOfVariation_0,StandardDeviation,StandardDeviation_0
0,71.64750957854406,77.77777777777779,3.21493198663064,4.707582203547159,1.682856780070917,1.4361565450828315,5.410270091168235,6.76082499313971
