,Accuracy,Accuracy_0,AverageDeviation,AverageDeviation_0,CoefficientOfVariation,CoefficientOfVariation_0,StandardDeviation,StandardDeviation_0
0,67.04119850187266,67.78523489932886,13.761845588684082,13.38848876953125,1.5557940006256104,1.5614861249923706,21.41059684753418,20.90593910217285
