,Accuracy,Accuracy_0,AverageDeviation,AverageDeviation_0,CoefficientOfVariation,CoefficientOfVariation_0,StandardDeviation,StandardDeviation_0
0,69.66292134831461,71.03448275862068,9.240971565246582,10.986159324645996,1.7507481575012207,1.4906659126281738,16.178613662719727,16.376693725585938
