,Accuracy,Accuracy_0,AverageDeviation,AverageDeviation_0,CoefficientOfVariation,CoefficientOfVariation_0,StandardDeviation,StandardDeviation_0
0,69.28838951310861,77.41935483870968,43.74248123168945,89.40309143066406,1.980488896369934,1.530250906944275,86.63150024414062,136.8091583251953
