,Accuracy,Accuracy_0,AverageDeviation,AverageDeviation_0,CoefficientOfVariation,CoefficientOfVariation_0,StandardDeviation,StandardDeviation_0
0,62.83524904214559,68.96551724137932,3.9707638110126497,13.10683753142326,1.8772889191760722,1.2286445271476458,7.454270903079399,16.10364420119655
