,Accuracy,Accuracy_0,AverageDeviation,AverageDeviation_0,CoefficientOfVariation,CoefficientOfVariation_0,StandardDeviation,StandardDeviation_0
0,78.16091954022988,75.82938388625593,12.608614054082455,11.2624883681112,1.5653925049688344,1.4792509839180863,19.737429938305386,16.660046999894494
