,Origin,Predict
0,0.0,3.1096146
1,0.0,0.9987567
2,0.0,1.3682708
3,0.0,0.38479018
4,0.0,0.28144014
5,0.0,0.047483116
6,0.0,0.22435413
7,0.0,0.5152891
8,0.0,0.31004548
9,0.0,0.33061287
10,0.0,0.060248386
11,0.0,0.058372058
12,0.0,0.4857422
13,0.0,0.3673062
14,0.0,0.025944466
15,0.0,0.21973571
16,0.0,0.7528736
17,0.0,0.08205259
18,0.0,0.439083
19,0.0,0.483711
20,0.0,0.5785059
21,0.0,1.1171118
22,0.0,0.078854024
23,0.0,0.46517718
24,0.0,0.05411105
25,0.0,0.6942917
26,0.0,0.09609101
27,0.0,0.7873357
28,0.0,1.3363339
29,0.0,0.2344779
