,Accuracy,Accuracy_0,AverageDeviation,AverageDeviation_0,CoefficientOfVariation,CoefficientOfVariation_0,StandardDeviation,StandardDeviation_0
0,77.77777777777779,71.7948717948718,2.227862865389307,2.0459563609881277,1.2404028288018172,1.2572765072927765,2.7634474004114185,2.572332867616592
