,Origin,Predict
0,10.0,11.035576
1,0.0,0.2024038
2,10.0,10.909701
3,10.0,10.72633
4,10.0,9.483238
5,10.0,11.427718
6,10.0,10.377441
7,0.0,0.2758347
8,0.0,0.9089757
9,10.0,12.596734
10,0.0,1.9570175
11,10.0,11.915588
12,10.0,8.352214
13,0.0,1.0957317
14,10.0,9.157791
15,0.0,1.539772
16,10.0,7.4686503
17,0.0,0.29634944
18,10.0,8.672516
19,6.0,6.766965
20,10.0,7.6549454
21,10.0,10.685442
22,0.0,0.003916029
23,10.0,11.340913
24,10.0,8.606993
25,10.0,10.034978
26,10.0,9.216214
27,0.0,0.8987799
28,10.0,9.845709
29,0.0,3.2077327
