,Accuracy,Accuracy_0,AverageDeviation,AverageDeviation_0,CoefficientOfVariation,CoefficientOfVariation_0,StandardDeviation,StandardDeviation_0
0,61.68582375478927,61.53846153846154,5.246757689547828,11.306559330866888,1.8813303326626496,1.3389319305755139,9.87088438947733,15.138713313044192
