,Accuracy,Accuracy_0,AverageDeviation,AverageDeviation_0,CoefficientOfVariation,CoefficientOfVariation_0,StandardDeviation,StandardDeviation_0
0,61.79775280898876,67.79661016949152,10.085555076599121,24.497093200683594,1.8387327194213867,1.2338584661483765,18.544639587402344,30.22594451904297
