,Accuracy,Accuracy_0,AverageDeviation,AverageDeviation_0,CoefficientOfVariation,CoefficientOfVariation_0,StandardDeviation,StandardDeviation_0
0,69.66292134831461,66.18705035971223,20.58114242553711,27.166292190551758,1.8527542352676392,1.6124005317687988,38.131797790527344,43.80294418334961
