,Accuracy,Accuracy_0,AverageDeviation,AverageDeviation_0,CoefficientOfVariation,CoefficientOfVariation_0,StandardDeviation,StandardDeviation_0
0,65.91760299625467,54.891304347826086,2.861264228820801,2.059479236602783,1.7957096099853516,2.0303595066070557,5.137999534606934,4.181483268737793
