,Accuracy,Accuracy_0,AverageDeviation,AverageDeviation_0,CoefficientOfVariation,CoefficientOfVariation_0,StandardDeviation,StandardDeviation_0
0,58.620689655172406,60.18518518518518,6.539176701925075,9.658860674721222,1.6451856176470645,1.3401760597773429,10.758159461259899,12.944573840986214
