,Accuracy,Accuracy_0,AverageDeviation,AverageDeviation_0,CoefficientOfVariation,CoefficientOfVariation_0,StandardDeviation,StandardDeviation_0
0,62.45210727969349,100.0,2.2844864964309877,47.14456894993782,4.168365172912653,1.1137041389243687,9.522573949712173,52.505101567351026
