,Accuracy,Accuracy_0,AverageDeviation,AverageDeviation_0,CoefficientOfVariation,CoefficientOfVariation_0,StandardDeviation,StandardDeviation_0
0,74.90636704119851,72.0524017467249,556.2926635742188,521.5661010742188,1.5531694889068604,1.4363420009613037,864.0167846679688,749.1472778320312
