,Accuracy,Accuracy_0,AverageDeviation,AverageDeviation_0,CoefficientOfVariation,CoefficientOfVariation_0,StandardDeviation,StandardDeviation_0
0,88.50574712643679,82.89473684210526,4.400458882673433,3.813371877921255,1.2811128186270382,1.2379602697748473,5.63748428243415,4.720802878743212
