,Origin,Predict
0,30.0,28.854948
1,30.0,29.710169
2,30.0,33.297062
3,0.0,4.9174647
4,30.0,35.023884
5,30.0,27.28058
6,30.0,26.339663
7,30.0,30.321182
8,30.0,30.365088
9,30.0,25.586939
10,0.0,0.24652565
11,30.0,25.029476
12,30.0,31.790758
13,30.0,31.625746
14,30.0,30.095657
15,30.0,26.20171
16,0.0,7.8427873
17,0.0,3.6629515
18,30.0,31.042255
19,30.0,31.384365
20,30.0,30.211956
21,30.0,28.541153
22,30.0,33.612473
23,30.0,25.140245
24,0.0,0.96238333
25,30.0,34.475536
26,30.0,28.687136
27,30.0,29.401703
28,0.0,4.5997105
29,30.0,21.660765
