,Origin,Predict
0,0.0,0.10879631
1,0.0,0.43715858
2,0.0,0.147982
3,0.0,0.031337816
4,0.0,0.26765168
5,0.0,0.49517024
6,0.0,0.045737136
7,0.0,0.05596006
8,0.0,0.068761274
9,0.0,0.09415103
10,0.0,0.11418915
11,0.0,0.24181654
12,0.0,0.04307685
13,0.0,0.11184647
14,0.0,0.21582596
15,0.0,0.22425401
16,0.0,0.028909534
17,0.0,0.13235235
18,0.0,0.29957676
19,0.0,0.32324708
20,0.0,0.19455585
21,0.0,0.12885034
22,0.0,0.11841022
23,0.0,0.062686265
24,0.0,0.06796584
25,0.0,0.30332756
26,0.0,0.06072713
27,0.0,0.17648554
28,0.0,0.12962952
29,0.0,0.22839928
