,Accuracy,Accuracy_0,AverageDeviation,AverageDeviation_0,CoefficientOfVariation,CoefficientOfVariation_0,StandardDeviation,StandardDeviation_0
0,78.65168539325843,72.28260869565217,14.12468147277832,12.68272876739502,1.8922367095947266,1.9037717580795288,26.72724151611328,24.145021438598633
