,Accuracy,Accuracy_0,AverageDeviation,AverageDeviation_0,CoefficientOfVariation,CoefficientOfVariation_0,StandardDeviation,StandardDeviation_0
0,56.17977528089888,70.0,0.66289222240448,4.330623149871826,4.0060343742370605,1.2621675729751587,2.655569076538086,5.465971946716309
