,Origin,Predict
0,31.2,33.067482
1,38.8,37.63365
2,44.9,42.565666
3,0.0,4.742028
4,47.9,41.558853
5,37.1,39.23731
6,28.9,28.584063
7,29.4,24.276644
8,27.4,26.943619
9,24.3,29.175655
10,0.0,8.811394
11,20.7,23.349817
12,18.8,23.893602
13,15.9,18.159815
14,15.6,14.83067
15,16.5,15.673068
16,19.5,20.619047
17,0.0,4.9150205
18,20.2,23.60391
19,22.2,23.36644
20,29.5,27.34301
21,29.0,33.091354
22,28.8,31.77572
23,29.0,25.796316
24,0.0,1.1586695
25,24.5,27.929895
26,26.1,27.178993
27,28.2,26.586376
28,30.2,31.197126
29,28.5,29.675997
