,Accuracy,Accuracy_0,AverageDeviation,AverageDeviation_0,CoefficientOfVariation,CoefficientOfVariation_0,StandardDeviation,StandardDeviation_0
0,70.88122605363985,68.07228915662651,4.602714869696862,4.3733400264418245,1.58902900534925,1.678456128307429,7.313847431300607,7.3404593685534545
