,Accuracy,Accuracy_0,AverageDeviation,AverageDeviation_0,CoefficientOfVariation,CoefficientOfVariation_0,StandardDeviation,StandardDeviation_0
0,62.45210727969349,60.0,11.534777661678435,12.592027296338763,1.5585621082842056,1.3504082305211462,17.9776673909751,17.0043772999228
