,Origin,Predict
0,0.0,1.850666
1,0.0,1.764582
2,0.0,0.7829619
3,0.0,1.5825392
4,0.0,1.6390764
5,0.0,1.8499596
6,0.0,0.86321294
7,0.0,1.5744529
8,0.0,2.1572297
9,0.0,1.2492689
10,0.0,1.7548865
11,0.0,0.4377359
12,0.0,1.8786508
13,0.0,1.8540167
14,0.0,2.0074108
15,0.0,1.2079427
16,0.0,0.5449551
17,0.0,1.8300394
18,0.0,1.8834019
19,0.0,0.7100348
20,0.0,1.772229
21,0.0,1.1206412
22,0.0,0.8559476
23,0.0,0.19530691
24,0.0,0.25838864
25,0.0,0.4942334
26,0.0,2.141094
27,0.0,2.1581979
28,0.0,0.27961764
29,0.0,0.45036447
