,Accuracy,Accuracy_0,AverageDeviation,AverageDeviation_0,CoefficientOfVariation,CoefficientOfVariation_0,StandardDeviation,StandardDeviation_0
0,65.90038314176245,85.18518518518519,6.015177219494164,12.24561791949802,1.7803572664177343,1.1435568768341169,10.709164471516857,14.003560582925052
