,Accuracy,Accuracy_0,AverageDeviation,AverageDeviation_0,CoefficientOfVariation,CoefficientOfVariation_0,StandardDeviation,StandardDeviation_0
0,73.5632183908046,75.79617834394905,25.211796091959396,23.82663534127982,1.4032113003062159,1.3926784168541624,35.37747717725352,33.18284078605502
