,Accuracy,Accuracy_0,AverageDeviation,AverageDeviation_0,CoefficientOfVariation,CoefficientOfVariation_0,StandardDeviation,StandardDeviation_0
0,63.2183908045977,69.04761904761905,12.639857965282083,21.968483261835008,1.8424615979405896,1.3740101041120614,23.288452904455717,30.184917973777996
