,Accuracy,Accuracy_0,AverageDeviation,AverageDeviation_0,CoefficientOfVariation,CoefficientOfVariation_0,StandardDeviation,StandardDeviation_0
0,67.04119850187266,62.93103448275862,4.710227012634277,4.678105354309082,1.499729037284851,1.451045036315918,7.064064025878906,6.78814172744751
