,Accuracy,Accuracy_0,AverageDeviation,AverageDeviation_0,CoefficientOfVariation,CoefficientOfVariation_0,StandardDeviation,StandardDeviation_0
0,62.06896551724138,51.041666666666664,4.104772925494646,6.15482763449351,1.7759264382884905,1.4341962299706663,7.289774761556734,8.827230589509867
