,Origin,Predict
0,65.0,56.83009
1,65.0,66.83151
2,65.0,68.88238
3,65.0,63.3796
4,0.0,1.208938
5,65.0,66.91561
6,65.0,59.79185
7,65.0,57.352493
8,65.0,70.012405
9,65.0,65.41018
10,65.0,61.567165
11,0.0,1.7106551
12,65.0,49.58315
13,65.0,70.13448
14,65.0,67.87608
15,65.0,64.202446
16,65.0,69.469955
17,65.0,59.05388
18,0.0,6.570368
19,65.0,62.64762
20,65.0,58.295635
21,65.0,61.829052
22,65.0,69.53482
23,65.0,60.279926
24,65.0,73.176765
25,65.0,59.414772
26,65.0,71.38554
27,65.0,53.059357
28,0.0,10.658955
29,0.0,17.045471
