,Accuracy,Accuracy_0,AverageDeviation,AverageDeviation_0,CoefficientOfVariation,CoefficientOfVariation_0,StandardDeviation,StandardDeviation_0
0,69.28838951310861,66.08695652173913,7.742617130279541,7.357830047607422,1.5288037061691284,1.4701958894729614,11.836941719055176,10.817451477050781
