,Accuracy,Accuracy_0,AverageDeviation,AverageDeviation_0,CoefficientOfVariation,CoefficientOfVariation_0,StandardDeviation,StandardDeviation_0
0,52.05992509363296,64.19753086419753,13.778000831604004,22.32163429260254,2.1439385414123535,1.52409029006958,29.539186477661133,34.02018737792969
