,Origin,Predict
0,52.1,47.770504
1,51.6,43.28943
2,0.0,4.6115613
3,60.0,59.995262
4,60.0,62.851223
5,70.0,61.94441
6,64.1,66.52423
7,60.0,65.49263
8,60.0,56.82079
9,0.0,1.7932161
10,60.0,56.64194
11,60.0,57.144833
12,57.5,53.913734
13,50.9,51.451622
14,44.8,50.037014
15,48.1,47.231808
16,0.0,1.5048302
17,51.8,49.48928
18,47.7,50.856388
19,52.6,49.347485
20,51.8,51.68562
21,51.8,51.03954
22,52.3,47.576088
23,0.0,0.0792778
24,46.8,48.75619
25,46.5,44.533585
26,49.7,48.832497
27,52.1,51.552746
28,53.1,49.08724
29,51.8,52.412807
