,Origin,Predict
0,26.7,26.32269
1,29.3,31.838627
2,0.0,0.3227045
3,32.7,32.4673
4,30.8,31.930761
5,41.8,40.441685
6,42.6,43.08967
7,42.8,44.390553
8,40.1,42.255985
9,0.0,0.6145911
10,37.1,38.008858
11,39.9,37.651012
12,44.2,44.86133
13,50.0,48.93126
14,47.6,49.67802
15,50.5,46.285324
16,0.0,4.6977715
17,47.7,48.46784
18,48.2,46.975555
19,46.7,47.985043
20,46.8,45.670486
21,46.0,45.014313
22,44.6,44.348427
23,0.0,1.2949928
24,40.1,36.310646
25,34.4,34.28513
26,37.5,37.171326
27,37.6,38.949604
28,38.7,38.420883
29,40.0,39.842365
