,Accuracy,Accuracy_0,AverageDeviation,AverageDeviation_0,CoefficientOfVariation,CoefficientOfVariation_0,StandardDeviation,StandardDeviation_0
0,68.16479400749064,64.42953020134227,6.895328044891357,8.821378707885742,1.9045451879501343,1.7423977851867676,13.132463455200195,15.37035083770752
