,Accuracy,Accuracy_0,AverageDeviation,AverageDeviation_0,CoefficientOfVariation,CoefficientOfVariation_0,StandardDeviation,StandardDeviation_0
0,66.66666666666666,68.90756302521008,20.392248153686523,31.094152450561523,1.8233033418655396,1.376102328300476,37.18125534057617,42.788734436035156
