,Accuracy,Accuracy_0,AverageDeviation,AverageDeviation_0,CoefficientOfVariation,CoefficientOfVariation_0,StandardDeviation,StandardDeviation_0
0,74.53183520599251,69.52380952380952,14.094508171081543,12.079729080200195,1.6693718433380127,1.6178696155548096,23.528974533081055,19.543426513671875
