,Accuracy,Accuracy_0,AverageDeviation,AverageDeviation_0,CoefficientOfVariation,CoefficientOfVariation_0,StandardDeviation,StandardDeviation_0
0,61.30268199233716,73.17073170731707,5.02651258368269,14.117952402045088,2.078675016226127,1.3006871259709107,10.448486126447447,18.36303893441014
