,Accuracy,Accuracy_0,AverageDeviation,AverageDeviation_0,CoefficientOfVariation,CoefficientOfVariation_0,StandardDeviation,StandardDeviation_0
0,74.53183520599251,72.5,18.41478157043457,15.231340408325195,1.4366838932037354,1.3588279485702515,26.456220626831055,20.6967716217041
