,Accuracy,Accuracy_0,AverageDeviation,AverageDeviation_0,CoefficientOfVariation,CoefficientOfVariation_0,StandardDeviation,StandardDeviation_0
0,69.28838951310861,62.311557788944725,2.388751983642578,1.948981761932373,1.6079113483428955,1.5973471403121948,3.8409013748168945,3.1132004261016846
