,Accuracy,Accuracy_0,AverageDeviation,AverageDeviation_0,CoefficientOfVariation,CoefficientOfVariation_0,StandardDeviation,StandardDeviation_0
0,53.18352059925093,73.52941176470588,84.85911560058594,391.1230163574219,4.4691948890686035,2.051129102706909,379.2519226074219,802.2437744140625
