,Accuracy,Accuracy_0,AverageDeviation,AverageDeviation_0,CoefficientOfVariation,CoefficientOfVariation_0,StandardDeviation,StandardDeviation_0
0,68.16479400749064,59.14634146341463,3.7622063159942627,4.579349994659424,1.4928773641586304,1.3760498762130737,5.616512775421143,6.3014140129089355
