,Accuracy,Accuracy_0,AverageDeviation,AverageDeviation_0,CoefficientOfVariation,CoefficientOfVariation_0,StandardDeviation,StandardDeviation_0
0,72.65917602996255,69.0909090909091,9.587717056274414,9.628060340881348,1.5496538877487183,1.5399599075317383,14.857643127441406,14.826827049255371
