,Accuracy,Accuracy_0,AverageDeviation,AverageDeviation_0,CoefficientOfVariation,CoefficientOfVariation_0,StandardDeviation,StandardDeviation_0
0,37.82771535580524,66.66666666666666,0.7402783632278442,8.244131088256836,3.570619583129883,1.2387089729309082,2.643252372741699,10.212079048156738
