,Accuracy,Accuracy_0,AverageDeviation,AverageDeviation_0,CoefficientOfVariation,CoefficientOfVariation_0,StandardDeviation,StandardDeviation_0
0,78.544061302682,74.39613526570048,7.503818524294575,7.0743723534443514,1.6117377056022282,1.6483247073364984,12.094187251602035,11.660862739080576
