,Accuracy,Accuracy_0,AverageDeviation,AverageDeviation_0,CoefficientOfVariation,CoefficientOfVariation_0,StandardDeviation,StandardDeviation_0
0,72.65917602996255,69.95515695067265,2.1149702072143555,2.1318392753601074,1.467585563659668,1.4297910928726196,3.1038997173309326,3.0480847358703613
