,Origin,Predict
0,11.0,10.605791
1,10.4,9.564163
2,10.4,10.857987
3,12.1,11.741182
4,11.2,10.463716
5,0.0,0.5692404
6,9.7,7.5901656
7,12.1,12.344096
8,9.9,12.32375
9,12.0,7.9269614
10,7.7,7.603335
11,11.1,13.671723
12,9.1,4.462941
13,0.0,2.766894
14,0.0,0.010736194
15,9.7,7.918516
16,12.3,14.353664
17,11.1,10.246783
18,9.5,6.83792
19,0.0,0.35395086
20,8.6,8.410813
21,9.4,8.478342
22,10.3,8.490914
23,10.4,9.457573
24,9.2,9.7656355
25,11.1,10.220316
26,0.0,1.5071627
27,9.0,7.5678935
28,9.5,9.204512
29,10.9,11.106838
