,Accuracy,Accuracy_0,AverageDeviation,AverageDeviation_0,CoefficientOfVariation,CoefficientOfVariation_0,StandardDeviation,StandardDeviation_0
0,79.02621722846442,72.15189873417721,14.447967529296875,17.426044464111328,1.7198894023895264,1.5547481775283813,24.848905563354492,27.093111038208008
