,Accuracy,Accuracy_0,AverageDeviation,AverageDeviation_0,CoefficientOfVariation,CoefficientOfVariation_0,StandardDeviation,StandardDeviation_0
0,60.2996254681648,66.94915254237289,11.628363609313965,15.982917785644531,1.648538589477539,1.4164785146713257,19.1698055267334,22.63945960998535
