,Accuracy,Accuracy_0,AverageDeviation,AverageDeviation_0,CoefficientOfVariation,CoefficientOfVariation_0,StandardDeviation,StandardDeviation_0
0,70.4119850187266,70.16129032258065,9.203700065612793,12.53886890411377,1.8330023288726807,1.5784094333648682,16.870403289794922,19.79146957397461
