,1,2,3,4,5,acc,batch_size,lookback
0,10,10,10,0,0,57.84313725490197,32,90
1,10,10,10,10,0,50.0,32,90
2,32,0,0,0,0,54.90196078431373,32,90
3,32,32,0,0,0,57.84313725490197,32,90
4,32,32,32,0,0,50.0,32,90
5,32,32,32,32,0,50.0,32,90
6,64,0,0,0,0,50.0,32,90
7,64,64,0,0,0,50.0,32,90
8,64,64,64,0,0,50.0,32,90
9,64,64,64,64,0,50.0,32,90
