,1,2,3,4,5,acc,batch_size,lookback
0,10,10,10,0,0,63.541666666666664,32,210
1,10,10,10,10,0,62.5,32,210
2,32,0,0,0,0,69.79166666666666,32,210
3,32,32,0,0,0,37.5,32,210
4,32,32,32,0,0,37.5,32,210
5,32,32,32,32,0,37.5,32,210
6,64,0,0,0,0,60.416666666666664,32,210
7,64,64,0,0,0,37.5,32,210
8,64,64,64,0,0,37.5,32,210
9,64,64,64,64,0,37.5,32,210
