,1,2,3,4,5,acc,batch_size,lookback
0,10,10,10,0,0,49.03846153846153,32,60
1,10,10,10,10,0,53.84615384615385,32,60
2,32,0,0,0,0,64.42307692307693,32,60
3,32,32,0,0,0,42.30769230769231,32,60
4,32,32,32,0,0,42.30769230769231,32,60
5,32,32,32,32,0,42.30769230769231,32,60
6,64,0,0,0,0,48.07692307692308,32,60
7,64,64,0,0,0,46.15384615384615,32,60
8,64,64,64,0,0,46.15384615384615,32,60
9,64,64,64,64,0,42.30769230769231,32,60
