,1,2,3,4,5,acc,batch_size,lookback
0,10,10,10,0,0,61.224489795918366,32,180
1,10,10,10,10,0,61.224489795918366,32,180
2,32,0,0,0,0,63.26530612244898,32,180
3,32,32,0,0,0,61.224489795918366,32,180
4,32,32,32,0,0,61.224489795918366,32,180
5,32,32,32,32,0,61.224489795918366,32,180
6,64,0,0,0,0,67.3469387755102,32,180
7,64,64,0,0,0,68.36734693877551,32,180
8,64,64,64,0,0,61.224489795918366,32,180
9,64,64,64,64,0,61.224489795918366,32,180
