,Accuracy,Accuracy_0,AverageDeviation,AverageDeviation_0,CoefficientOfVariation,CoefficientOfVariation_0,StandardDeviation,StandardDeviation_0
0,62.92134831460674,75.63025210084034,572.5775146484375,1056.427490234375,2.0149447917938232,1.4963277578353882,1153.7120361328125,1580.76171875
