,Accuracy,Accuracy_0,AverageDeviation,AverageDeviation_0,CoefficientOfVariation,CoefficientOfVariation_0,StandardDeviation,StandardDeviation_0
0,78.544061302682,74.64114832535886,11.582145839198787,10.230577084664523,1.452809544196765,1.4290666291189513,16.82665201746685,14.620176308323119
