,Origin,Predict
0,86.4,82.94994
1,89.8,86.11214
2,85.0,91.20814
3,91.5,91.231895
4,0.0,1.380742
5,81.0,93.890015
6,87.8,69.21464
7,85.9,79.4034
8,93.9,95.01522
9,98.8,102.39056
10,92.6,96.48599
11,0.0,8.230786
12,94.4,95.88171
13,87.9,80.2807
14,74.3,69.80482
15,84.6,81.61695
16,93.9,89.05112
17,96.4,100.09951
18,0.0,7.2615466
19,98.2,91.40574
20,93.0,98.1107
21,93.5,101.02521
22,103.5,105.33914
23,95.4,104.04272
24,109.1,118.54496
25,0.0,4.7069836
26,73.2,73.74059
27,85.5,76.76086
28,78.5,84.0296
29,102.3,103.68764
