,Accuracy,Accuracy_0,AverageDeviation,AverageDeviation_0,CoefficientOfVariation,CoefficientOfVariation_0,StandardDeviation,StandardDeviation_0
0,70.0374531835206,64.0552995391705,5.305906772613525,4.5877838134765625,2.0744595527648926,1.898876428604126,11.006888389587402,8.711634635925293
