,Accuracy,Accuracy_0,AverageDeviation,AverageDeviation_0,CoefficientOfVariation,CoefficientOfVariation_0,StandardDeviation,StandardDeviation_0
0,70.78651685393258,67.61904761904762,5.566456317901611,9.299606323242188,2.154024600982666,1.7026278972625732,11.990283966064453,15.833768844604492
