,Accuracy,Accuracy_0,AverageDeviation,AverageDeviation_0,CoefficientOfVariation,CoefficientOfVariation_0,StandardDeviation,StandardDeviation_0
0,55.80524344569289,73.07692307692307,2.071343421936035,9.406673431396484,4.235827922821045,1.5762354135513306,8.77385425567627,14.827132225036621
