,Accuracy,Accuracy_0,AverageDeviation,AverageDeviation_0,CoefficientOfVariation,CoefficientOfVariation_0,StandardDeviation,StandardDeviation_0
0,56.55430711610487,66.39344262295081,18.922286987304688,27.725685119628906,2.1402437686920166,1.607017993927002,40.49830627441406,44.5556755065918
