,Origin,Predict
0,0.0,0.031688355
1,0.0,0.022112876
2,0.0,0.031003647
3,0.0,0.092641436
4,0.0,0.060086824
5,0.0,0.13176008
6,0.0,0.06274807
7,0.0,0.018729953
8,0.0,0.03907334
9,0.0,0.08310893
10,0.0,0.20119834
11,0.0,0.17451501
12,0.0,0.21701176
13,0.0,0.09549254
14,0.0,0.08655563
15,0.0,0.090385124
16,0.0,0.15360644
17,0.0,0.10107511
18,0.0,0.029668836
19,0.0,0.009562688
20,0.0,0.054195307
21,0.0,0.04347786
22,0.0,0.12377398
23,0.0,0.16239735
24,0.0,0.16955155
25,0.0,0.05855323
26,0.0,0.03226311
27,0.0,0.031032803
28,0.0,0.061205547
29,0.0,0.13983925
