,Accuracy,Accuracy_0,AverageDeviation,AverageDeviation_0,CoefficientOfVariation,CoefficientOfVariation_0,StandardDeviation,StandardDeviation_0
0,62.92134831460674,69.87951807228916,2029.0770263671875,2775.17724609375,1.6742347478866577,1.3875237703323364,3397.1513671875,3850.62451171875
