,Accuracy,Accuracy_0,AverageDeviation,AverageDeviation_0,CoefficientOfVariation,CoefficientOfVariation_0,StandardDeviation,StandardDeviation_0
0,73.78277153558052,69.36936936936937,17.04029655456543,16.33147621154785,1.5706686973571777,1.5367521047592163,26.764659881591797,25.097431182861328
