,Accuracy,Accuracy_0,AverageDeviation,AverageDeviation_0,CoefficientOfVariation,CoefficientOfVariation_0,StandardDeviation,StandardDeviation_0
0,71.16104868913857,65.72769953051643,22.386695861816406,22.21844482421875,1.988261342048645,1.9370986223220825,44.51060104370117,43.0393180847168
