,Accuracy,Accuracy_0,AverageDeviation,AverageDeviation_0,CoefficientOfVariation,CoefficientOfVariation_0,StandardDeviation,StandardDeviation_0
0,72.28464419475655,65.3658536585366,3.6341609954833984,2.7421963214874268,2.0520808696746826,2.196988582611084,7.457592010498047,6.024573802947998
