,Accuracy,Accuracy_0,AverageDeviation,AverageDeviation_0,CoefficientOfVariation,CoefficientOfVariation_0,StandardDeviation,StandardDeviation_0
0,71.53558052434457,67.2566371681416,3.4961459636688232,3.0960171222686768,1.539874792098999,1.5094823837280273,5.383626937866211,4.6733832359313965
