,Accuracy,Accuracy_0,AverageDeviation,AverageDeviation_0,CoefficientOfVariation,CoefficientOfVariation_0,StandardDeviation,StandardDeviation_0
0,71.16104868913857,65.59633027522935,3.212174415588379,3.2592551708221436,1.3949910402297974,1.367842197418213,4.480954647064209,4.458146572113037
