,Accuracy,Accuracy_0,AverageDeviation,AverageDeviation_0,CoefficientOfVariation,CoefficientOfVariation_0,StandardDeviation,StandardDeviation_0
0,46.81647940074906,68.42105263157895,3.1100642681121826,10.976056098937988,2.8945412635803223,1.3973928689956665,9.002209663391113,15.337862968444824
