,Accuracy,Accuracy_0,AverageDeviation,AverageDeviation_0,CoefficientOfVariation,CoefficientOfVariation_0,StandardDeviation,StandardDeviation_0
0,60.67415730337079,61.6822429906542,4.266693115234375,6.551678657531738,1.9833571910858154,1.5968220233917236,8.462376594543457,10.461864471435547
