,Accuracy,Accuracy_0,AverageDeviation,AverageDeviation_0,CoefficientOfVariation,CoefficientOfVariation_0,StandardDeviation,StandardDeviation_0
0,71.26436781609196,76.66666666666667,3.549998846918281,4.037772785524528,1.4836865920802504,1.4241997714721777,5.267085691073003,5.75059507840061
