,Accuracy,Accuracy_0,AverageDeviation,AverageDeviation_0,CoefficientOfVariation,CoefficientOfVariation_0,StandardDeviation,StandardDeviation_0
0,53.558052434456926,52.72727272727272,22.153162002563477,61.286678314208984,2.3997063636779785,1.5311552286148071,53.16108322143555,93.83941650390625
