,Accuracy,Accuracy_0,AverageDeviation,AverageDeviation_0,CoefficientOfVariation,CoefficientOfVariation_0,StandardDeviation,StandardDeviation_0
0,76.40449438202246,72.11538461538461,3.7919762134552,3.0634450912475586,1.702453851699829,1.4761691093444824,6.45566463470459,4.522162914276123
