,Accuracy,Accuracy_0,AverageDeviation,AverageDeviation_0,CoefficientOfVariation,CoefficientOfVariation_0,StandardDeviation,StandardDeviation_0
0,80.84291187739464,76.07655502392345,16.84060340953056,15.29742936859861,1.5799889980848638,1.6296508990478487,26.60796810816873,24.92946952365769
