,Origin,Predict
0,140.0,138.79541
1,140.0,124.377884
2,140.0,163.33032
3,0.0,4.217574
4,130.0,113.07824
5,128.9,124.40909
6,130.0,132.53029
7,167.8,62.141247
8,160.0,195.16422
9,190.0,184.81155
10,0.0,20.602299
11,160.0,251.48128
12,177.5,167.80936
13,180.0,133.65298
14,0.0,48.222786
15,0.0,27.844208
16,204.4,90.60212
17,0.0,37.829613
18,300.0,349.63205
19,310.0,207.68973
20,240.9,227.46254
21,240.0,260.3173
22,292.7,257.16116
23,279.3,304.8775
24,0.0,47.337387
25,315.0,218.28737
26,0.0,138.29205
27,240.0,190.66284
28,280.0,301.79648
29,300.0,211.3432
