,Accuracy,Accuracy_0,AverageDeviation,AverageDeviation_0,CoefficientOfVariation,CoefficientOfVariation_0,StandardDeviation,StandardDeviation_0
0,69.28838951310861,68.0672268907563,10.631759643554688,13.126754760742188,1.5768859386444092,1.423933506011963,16.765071868896484,18.691625595092773
