,Accuracy,Accuracy_0,AverageDeviation,AverageDeviation_0,CoefficientOfVariation,CoefficientOfVariation_0,StandardDeviation,StandardDeviation_0
0,79.6934865900383,76.81818181818181,10.749119867766955,9.847952097112483,1.4397163865504772,1.3371214137386975,15.475684014619384,13.167907630522015
