,Origin,Predict
0,90.6,88.55425
1,0.0,0.3654795
2,89.5,96.062225
3,95.0,91.05607
4,90.0,97.13425
5,112.1,120.60405
6,125.0,111.34207
7,110.0,107.32869
8,0.0,1.9574691
9,100.0,106.31764
10,104.1,98.0515
11,90.4,113.08358
12,158.3,139.11505
13,132.6,135.6315
14,122.0,121.37212
15,0.0,6.3811784
16,155.6,137.75404
17,113.4,128.45558
18,115.8,102.472824
19,120.0,114.652885
20,110.0,113.4711
21,125.3,124.74121
22,0.0,3.5523267
23,95.0,98.97277
24,98.0,97.684654
25,100.0,98.07072
26,115.7,133.88574
27,115.0,107.38255
28,95.0,102.889175
29,0.0,6.336803
