,Accuracy,Accuracy_0,AverageDeviation,AverageDeviation_0,CoefficientOfVariation,CoefficientOfVariation_0,StandardDeviation,StandardDeviation_0
0,69.73180076628353,61.42857142857143,6.011104677903013,9.74847610780171,1.4042393339394674,1.231042424516341,8.441029629138944,12.00078766308784
