,Accuracy,Accuracy_0,AverageDeviation,AverageDeviation_0,CoefficientOfVariation,CoefficientOfVariation_0,StandardDeviation,StandardDeviation_0
0,76.77902621722846,73.97260273972603,13.567239761352539,27.707096099853516,2.440099000930786,1.5297592878341675,33.10540771484375,42.385189056396484
