,Accuracy,Accuracy_0,AverageDeviation,AverageDeviation_0,CoefficientOfVariation,CoefficientOfVariation_0,StandardDeviation,StandardDeviation_0
0,79.3103448275862,74.74747474747475,7.103014906498664,6.399497592569602,1.4771362284130665,1.5015521967334127,10.492120649347227,9.609179668113072
