,Accuracy,Accuracy_0,AverageDeviation,AverageDeviation_0,CoefficientOfVariation,CoefficientOfVariation_0,StandardDeviation,StandardDeviation_0
0,74.15730337078652,68.31683168316832,16.71260643005371,30.267431259155273,1.6643656492233276,1.3250179290771484,27.815887451171875,40.104888916015625
