,Accuracy,Accuracy_0,AverageDeviation,AverageDeviation_0,CoefficientOfVariation,CoefficientOfVariation_0,StandardDeviation,StandardDeviation_0
0,69.66292134831461,64.22018348623854,23.90843391418457,20.827106475830078,1.9404170513153076,1.9224588871002197,46.392333984375,40.03925704956055
