,Accuracy,Accuracy_0,AverageDeviation,AverageDeviation_0,CoefficientOfVariation,CoefficientOfVariation_0,StandardDeviation,StandardDeviation_0
0,81.60919540229885,79.3103448275862,9.851274210283124,9.611902592099945,1.364456471415305,1.39192406501763,13.441634847907507,13.379038528549252
