,Accuracy,Accuracy_0,AverageDeviation,AverageDeviation_0,CoefficientOfVariation,CoefficientOfVariation_0,StandardDeviation,StandardDeviation_0
0,75.47892720306514,71.29629629629629,9.498567907928965,8.918993059352593,1.3644321515623528,1.3345228004584493,12.960151447376633,11.902599594836694
