,Accuracy,Accuracy_0,AverageDeviation,AverageDeviation_0,CoefficientOfVariation,CoefficientOfVariation_0,StandardDeviation,StandardDeviation_0
0,76.40449438202246,72.5,27.183305740356445,24.594799041748047,1.5684170722961426,1.5169039964675903,42.634761810302734,37.30794906616211
