,Accuracy,Accuracy_0,AverageDeviation,AverageDeviation_0,CoefficientOfVariation,CoefficientOfVariation_0,StandardDeviation,StandardDeviation_0
0,77.15355805243446,71.66666666666667,16.7629337310791,21.381418228149414,2.172607660293579,2.1661674976348877,36.41927719116211,46.315731048583984
