,Accuracy,Accuracy_0,AverageDeviation,AverageDeviation_0,CoefficientOfVariation,CoefficientOfVariation_0,StandardDeviation,StandardDeviation_0
0,77.39463601532567,75.0,5.139002400883599,5.925851489812137,1.4910516406370102,1.3179561196604783,7.662517961075025,7.810012235197069
