,Accuracy,Accuracy_0,AverageDeviation,AverageDeviation_0,CoefficientOfVariation,CoefficientOfVariation_0,StandardDeviation,StandardDeviation_0
0,69.66292134831461,73.0,33.54398727416992,51.329071044921875,1.7379788160324097,1.4339077472686768,58.29874038696289,73.60115051269531
