,Origin,Predict
0,68.1,85.08526
1,74.3,75.77926
2,75.0,73.54309
3,0.0,6.871152
4,67.6,45.815144
5,64.6,62.172066
6,64.9,72.69333
7,61.6,68.353745
8,66.5,52.87418
9,61.0,54.189056
10,0.0,4.184725
11,42.8,43.223026
12,44.7,57.280514
13,52.1,44.156197
14,59.2,51.018257
15,59.2,57.484543
16,60.1,63.945404
17,0.0,1.6006705
18,52.6,49.796013
19,51.4,61.86452
20,54.2,66.40164
21,52.4,62.953236
22,64.6,58.644802
23,64.6,57.584846
24,0.0,3.6719859
25,53.8,53.313248
26,65.4,70.77465
27,67.0,67.64634
28,82.6,76.37729
29,98.9,83.160706
