,Accuracy,Accuracy_0,AverageDeviation,AverageDeviation_0,CoefficientOfVariation,CoefficientOfVariation_0,StandardDeviation,StandardDeviation_0
0,74.15730337078652,68.86792452830188,3.9921152591705322,3.6700854301452637,1.6805763244628906,1.6013320684432983,6.709054470062256,5.877025604248047
