,Accuracy,Accuracy_0,AverageDeviation,AverageDeviation_0,CoefficientOfVariation,CoefficientOfVariation_0,StandardDeviation,StandardDeviation_0
0,62.92134831460674,55.348837209302324,2.917340040206909,2.0456900596618652,2.190171241760254,2.3259963989257812,6.389474391937256,4.758267879486084
