,Accuracy,Accuracy_0,AverageDeviation,AverageDeviation_0,CoefficientOfVariation,CoefficientOfVariation_0,StandardDeviation,StandardDeviation_0
0,70.78651685393258,65.93886462882097,35.76590347290039,31.185569763183594,1.6703509092330933,1.4775429964065552,59.741607666015625,46.07802200317383
