,Origin,Predict
0,28.6,25.32346
1,31.4,30.147501
2,30.7,30.3967
3,30.9,29.362019
4,31.3,29.662235
5,31.3,33.36785
6,0.0,5.453572
7,32.1,30.596819
8,36.1,37.356873
9,39.4,40.638676
10,44.9,43.01684
11,42.9,41.17064
12,41.1,39.73651
13,0.0,0.38333508
14,42.4,40.096947
15,45.7,42.544735
16,46.3,42.484104
17,48.8,48.440414
18,44.5,45.385468
19,43.8,40.14661
20,0.0,2.100128
21,51.5,49.003746
22,51.3,51.077957
23,43.1,44.062847
24,40.2,37.533726
25,33.1,34.73641
26,33.8,34.186405
27,0.0,1.03386
28,37.6,39.97129
29,36.0,38.443634
