,Accuracy,Accuracy_0,AverageDeviation,AverageDeviation_0,CoefficientOfVariation,CoefficientOfVariation_0,StandardDeviation,StandardDeviation_0
0,78.544061302682,73.76237623762376,6.123290163438438,5.9209940381569455,1.6675791446040136,1.7246807881746977,10.211070972908841,10.211824664506207
