,Accuracy,Accuracy_0,AverageDeviation,AverageDeviation_0,CoefficientOfVariation,CoefficientOfVariation_0,StandardDeviation,StandardDeviation_0
0,70.0374531835206,66.35514018691589,17.44974708557129,18.53854751586914,1.65739107131958,1.6266616582870483,28.92105484008789,30.15594482421875
