,Accuracy,Accuracy_0,AverageDeviation,AverageDeviation_0,CoefficientOfVariation,CoefficientOfVariation_0,StandardDeviation,StandardDeviation_0
0,72.28464419475655,67.56756756756756,6.934145450592041,6.175178050994873,1.6575149297714233,1.6290991306304932,11.493449211120605,10.059977531433105
