,Accuracy,Accuracy_0,AverageDeviation,AverageDeviation_0,CoefficientOfVariation,CoefficientOfVariation_0,StandardDeviation,StandardDeviation_0
0,80.84291187739464,76.63551401869158,5.975726919441386,5.360593111715585,1.3543862047898847,1.3499164701403417,8.093442103282968,7.236352931225732
