,Accuracy,Accuracy_0,AverageDeviation,AverageDeviation_0,CoefficientOfVariation,CoefficientOfVariation_0,StandardDeviation,StandardDeviation_0
0,71.53558052434457,67.16417910447761,13.787202835083008,14.058292388916016,1.4685026407241821,1.4785690307617188,20.246543884277344,20.786155700683594
