,Accuracy,Accuracy_0,AverageDeviation,AverageDeviation_0,CoefficientOfVariation,CoefficientOfVariation_0,StandardDeviation,StandardDeviation_0
0,73.40823970037454,68.77828054298642,1605.4119873046875,1394.5689697265625,1.7533016204833984,1.6355834007263184,2814.771484375,2280.933837890625
