,Accuracy,Accuracy_0,AverageDeviation,AverageDeviation_0,CoefficientOfVariation,CoefficientOfVariation_0,StandardDeviation,StandardDeviation_0
0,62.546816479400746,53.17460317460318,20.74573516845703,27.255475997924805,1.5059610605239868,1.313320517539978,31.24226951599121,35.7951774597168
