,Origin,Predict
0,80.0,59.451603
1,34.2,57.97548
2,64.8,44.65749
3,30.0,39.85408
4,0.0,6.65304
5,71.8,62.28244
6,66.5,76.90839
7,67.1,65.8664
8,52.0,49.404095
9,35.0,34.285965
10,52.0,47.544266
11,0.0,3.1763763
12,50.7,57.579914
13,54.8,54.912647
14,58.6,59.43785
15,70.0,55.54038
16,40.0,53.79154
17,70.0,60.60606
18,0.0,2.734995
19,67.4,68.59797
20,70.0,68.69872
21,57.5,62.327843
22,59.5,56.732933
23,62.2,62.18243
24,70.0,71.05579
25,0.0,3.0117373
26,63.4,60.153305
27,70.0,70.77586
28,70.0,73.53757
29,62.4,59.432114
