,Accuracy,Accuracy_0,AverageDeviation,AverageDeviation_0,CoefficientOfVariation,CoefficientOfVariation_0,StandardDeviation,StandardDeviation_0
0,70.4119850187266,65.15837104072398,12.41922664642334,11.474470138549805,1.8311173915863037,1.8654303550720215,22.74106216430664,21.40482521057129
