,Accuracy,Accuracy_0,AverageDeviation,AverageDeviation_0,CoefficientOfVariation,CoefficientOfVariation_0,StandardDeviation,StandardDeviation_0
0,70.78651685393258,65.75342465753424,5.502279758453369,4.816012382507324,1.5789177417755127,1.5316694974899292,8.687646865844727,7.37653923034668
