,Accuracy,Accuracy_0,AverageDeviation,AverageDeviation_0,CoefficientOfVariation,CoefficientOfVariation_0,StandardDeviation,StandardDeviation_0
0,65.54307116104869,55.26315789473685,10.473628044128418,15.510303497314453,1.8687080144882202,1.476510763168335,19.572153091430664,22.90113067626953
