,Accuracy,Accuracy_0,AverageDeviation,AverageDeviation_0,CoefficientOfVariation,CoefficientOfVariation_0,StandardDeviation,StandardDeviation_0
0,49.812734082397,67.3076923076923,7.44989538192749,13.820098876953125,2.4047024250030518,1.7699501514434814,17.91478157043457,24.460886001586914
