,Accuracy,Accuracy_0,AverageDeviation,AverageDeviation_0,CoefficientOfVariation,CoefficientOfVariation_0,StandardDeviation,StandardDeviation_0
0,66.28352490421456,75.0,4.996313866799862,6.268908449481515,1.6153971045234792,1.541669322329716,8.071030953719005,9.664583841059198
