,Accuracy,Accuracy_0,AverageDeviation,AverageDeviation_0,CoefficientOfVariation,CoefficientOfVariation_0,StandardDeviation,StandardDeviation_0
0,73.40823970037454,68.68686868686868,231.3771514892578,209.4198455810547,1.5319318771362305,1.3324377536773682,354.45404052734375,279.0389099121094
