,Accuracy,Accuracy_0,AverageDeviation,AverageDeviation_0,CoefficientOfVariation,CoefficientOfVariation_0,StandardDeviation,StandardDeviation_0
0,73.9463601532567,69.63350785340315,2.930706548804981,2.3386555981261568,1.580191077823503,1.420199395691448,4.631076340140542,3.3213572671891898
