,Accuracy,Accuracy_0,AverageDeviation,AverageDeviation_0,CoefficientOfVariation,CoefficientOfVariation_0,StandardDeviation,StandardDeviation_0
0,74.90636704119851,72.42990654205607,366.5477600097656,362.01751708984375,1.4838078022003174,1.2953490018844604,543.8864135742188,468.93902587890625
