,Accuracy,Accuracy_0,AverageDeviation,AverageDeviation_0,CoefficientOfVariation,CoefficientOfVariation_0,StandardDeviation,StandardDeviation_0
0,62.172284644194754,52.70935960591133,4.3932061195373535,4.32331657409668,1.7618118524551392,1.7658438682556152,7.740002632141113,7.634302139282227
