,Accuracy,Accuracy_0,AverageDeviation,AverageDeviation_0,CoefficientOfVariation,CoefficientOfVariation_0,StandardDeviation,StandardDeviation_0
0,63.29588014981273,68.81720430107528,76.16893005371094,158.1502685546875,2.290675163269043,1.7607468366622925,174.478271484375,278.46258544921875
