,Accuracy,Accuracy_0,AverageDeviation,AverageDeviation_0,CoefficientOfVariation,CoefficientOfVariation_0,StandardDeviation,StandardDeviation_0
0,65.13409961685824,66.25,7.499474973513806,10.5012077537179,1.4374405581035699,1.292979264869697,10.78004949141144,13.577843881646132
