,Accuracy,Accuracy_0,AverageDeviation,AverageDeviation_0,CoefficientOfVariation,CoefficientOfVariation_0,StandardDeviation,StandardDeviation_0
0,64.75095785440614,56.00000000000001,12.822427101917137,11.798002080281575,1.534177850035317,1.2846439368347797,19.671883643453814,15.156231839197844
