,Accuracy,Accuracy_0,AverageDeviation,AverageDeviation_0,CoefficientOfVariation,CoefficientOfVariation_0,StandardDeviation,StandardDeviation_0
0,71.64750957854406,67.54385964912281,4.356680341207661,3.929726937360933,1.6267430218095575,1.4449103167036488,7.0871993433144445,5.678102993621045
