,Accuracy,Accuracy_0,AverageDeviation,AverageDeviation_0,CoefficientOfVariation,CoefficientOfVariation_0,StandardDeviation,StandardDeviation_0
0,65.13409961685824,78.0952380952381,4.7061136078046655,6.43569548044886,1.6877155149020864,1.4866458196139072,7.942580950783767,9.567599782317414
