,Accuracy,Accuracy_0,AverageDeviation,AverageDeviation_0,CoefficientOfVariation,CoefficientOfVariation_0,StandardDeviation,StandardDeviation_0
0,67.79026217228464,66.45962732919256,56.408477783203125,78.5646743774414,1.5560163259506226,1.3247698545455933,87.77251434326172,104.08011627197266
