,Origin,Predict
0,87.2,87.81682
1,84.3,84.5045
2,107.2,107.93762
3,0.0,5.809029
4,122.8,125.548676
5,120.3,126.5297
6,126.2,118.63821
7,137.2,137.29233
8,131.6,124.93035
9,136.3,133.11136
10,0.0,17.772717
11,129.5,112.092636
12,122.8,113.95773
13,91.9,95.18944
14,94.4,87.28772
15,74.7,70.55808
16,70.3,71.7779
17,0.0,4.974828
18,59.3,64.031006
19,50.0,54.11827
20,45.1,38.68594
21,44.4,46.743694
22,54.4,58.244854
23,56.2,53.89331
24,0.0,3.665761
25,66.5,59.30283
26,67.0,69.26514
27,59.4,58.07371
28,70.1,59.22937
29,68.0,65.484436
