,Accuracy,Accuracy_0,AverageDeviation,AverageDeviation_0,CoefficientOfVariation,CoefficientOfVariation_0,StandardDeviation,StandardDeviation_0
0,74.15730337078652,73.91304347826086,14.533405303955078,21.09226417541504,1.5062817335128784,1.2846543788909912,21.891403198242188,27.096269607543945
