,Accuracy,Accuracy_0,AverageDeviation,AverageDeviation_0,CoefficientOfVariation,CoefficientOfVariation_0,StandardDeviation,StandardDeviation_0
0,65.90038314176245,87.09677419354838,2.72223132895841,6.8222779381359295,1.6837015307494954,1.287511696639827,4.583425055621508,8.783762643077852
