,Accuracy,Accuracy_0,AverageDeviation,AverageDeviation_0,CoefficientOfVariation,CoefficientOfVariation_0,StandardDeviation,StandardDeviation_0
0,89.65517241379311,88.72549019607843,4.804276975526179,4.498112973512387,1.3463409357821932,1.3201563228098563,6.46819475898676,5.938212282695421
