,Accuracy,Accuracy_0,AverageDeviation,AverageDeviation_0,CoefficientOfVariation,CoefficientOfVariation_0,StandardDeviation,StandardDeviation_0
0,74.71264367816092,72.25130890052355,21.872030636633948,18.732497725561647,1.4774835859918627,1.5332363899494361,32.31556625793781,28.721347187476162
