,Origin,Predict
0,0.0,92.52768
1,220.0,199.02644
2,0.0,41.350597
3,230.0,145.69466
4,220.0,218.51108
5,180.0,166.66162
6,180.0,176.25357
7,155.0,111.254974
8,160.0,164.45792
9,0.0,30.893368
10,119.7,142.43425
11,173.5,183.5358
12,190.0,181.65565
13,200.0,220.51181
14,180.0,154.47139
15,180.0,200.63423
16,0.0,0.09458081
17,193.3,174.74342
18,187.4,196.36314
19,184.3,207.13487
20,220.0,201.85323
21,220.0,197.44144
22,183.4,183.01079
23,0.0,7.3921742
24,182.4,188.9676
25,194.5,217.44934
26,200.0,205.46217
27,200.0,192.47902
28,198.6,226.32755
29,190.0,231.23479
