,Accuracy,Accuracy_0,AverageDeviation,AverageDeviation_0,CoefficientOfVariation,CoefficientOfVariation_0,StandardDeviation,StandardDeviation_0
0,81.22605363984674,77.22772277227723,3.321687386606345,3.0831891102365923,1.3351409063980468,1.3199762530351162,4.4349207081245545,4.069736409128771
