,Origin,Predict
0,18.2,15.193251
1,25.0,20.742704
2,25.8,23.570099
3,24.7,24.055998
4,0.0,0.12411898
5,21.1,22.781878
6,19.1,20.026318
7,25.0,21.376432
8,20.5,20.596842
9,23.1,22.13467
10,26.6,24.838764
11,0.0,0.32158554
12,26.0,25.293276
13,26.5,23.113077
14,25.6,27.39793
15,25.3,25.466818
16,25.3,26.033852
17,27.1,26.351492
18,0.0,1.9428122
19,26.5,27.554121
20,25.2,23.675894
21,22.8,24.774473
22,27.3,24.04674
23,29.4,29.786749
24,26.2,27.935793
25,0.0,0.8972688
26,25.8,23.984282
27,21.8,24.185133
28,26.6,24.158987
29,21.3,19.195847
