,Accuracy,Accuracy_0,AverageDeviation,AverageDeviation_0,CoefficientOfVariation,CoefficientOfVariation_0,StandardDeviation,StandardDeviation_0
0,49.812734082397,62.5,3.9520797729492188,15.940422058105469,3.1280508041381836,1.5013147592544556,12.362306594848633,23.931591033935547
