,Accuracy,Accuracy_0,AverageDeviation,AverageDeviation_0,CoefficientOfVariation,CoefficientOfVariation_0,StandardDeviation,StandardDeviation_0
0,74.15730337078652,69.68325791855203,7.937155246734619,7.439553737640381,1.842622995376587,1.610317349433899,14.625185012817383,11.980042457580566
