,Accuracy,Accuracy_0,AverageDeviation,AverageDeviation_0,CoefficientOfVariation,CoefficientOfVariation_0,StandardDeviation,StandardDeviation_0
0,74.90636704119851,71.1340206185567,54.74228286743164,105.82952117919922,2.025977849960327,1.6374083757400513,110.90665435791016,173.28614807128906
