,Accuracy,Accuracy_0,AverageDeviation,AverageDeviation_0,CoefficientOfVariation,CoefficientOfVariation_0,StandardDeviation,StandardDeviation_0
0,69.28838951310861,63.41463414634146,4.318398952484131,4.079535961151123,1.472988486289978,1.4887566566467285,6.360951900482178,6.073436260223389
