,Accuracy,Accuracy_0,AverageDeviation,AverageDeviation_0,CoefficientOfVariation,CoefficientOfVariation_0,StandardDeviation,StandardDeviation_0
0,69.28838951310861,63.095238095238095,5.160050868988037,5.037398338317871,1.8233797550201416,1.7349159717559814,9.408732414245605,8.739462852478027
