,Accuracy,Accuracy_0,AverageDeviation,AverageDeviation_0,CoefficientOfVariation,CoefficientOfVariation_0,StandardDeviation,StandardDeviation_0
0,70.11494252873564,64.8854961832061,6.43243198287727,7.24999299431575,1.5197772139416517,1.4522335587529567,9.77586355780639,10.528683127069167
