,Accuracy,Accuracy_0,AverageDeviation,AverageDeviation_0,CoefficientOfVariation,CoefficientOfVariation_0,StandardDeviation,StandardDeviation_0
0,65.1685393258427,62.27544910179641,8.140618324279785,9.15373420715332,1.894892692565918,1.6680951118469238,15.42559814453125,15.269299507141113
