,Accuracy,Accuracy_0,AverageDeviation,AverageDeviation_0,CoefficientOfVariation,CoefficientOfVariation_0,StandardDeviation,StandardDeviation_0
0,73.78277153558052,70.4225352112676,18.95154571533203,17.79256820678711,1.8016084432601929,1.6957066059112549,34.14326477050781,30.170974731445312
