,Accuracy,Accuracy_0,AverageDeviation,AverageDeviation_0,CoefficientOfVariation,CoefficientOfVariation_0,StandardDeviation,StandardDeviation_0
0,71.53558052434457,68.8118811881188,2.817202568054199,2.906803607940674,1.5334004163742065,1.417644739151001,4.319899559020996,4.120814800262451
