,Accuracy,Accuracy_0,AverageDeviation,AverageDeviation_0,CoefficientOfVariation,CoefficientOfVariation_0,StandardDeviation,StandardDeviation_0
0,64.41947565543072,67.64705882352942,3.9045510292053223,7.182118892669678,1.6036773920059204,1.219476580619812,6.2616400718688965,8.75842571258545
