,Accuracy,Accuracy_0,AverageDeviation,AverageDeviation_0,CoefficientOfVariation,CoefficientOfVariation_0,StandardDeviation,StandardDeviation_0
0,60.91954022988506,68.33333333333333,15.666200718432098,39.31606218088418,2.1048902611562212,1.4258408799014508,32.97563332154632,56.05844869425206
