,Accuracy,Accuracy_0,AverageDeviation,AverageDeviation_0,CoefficientOfVariation,CoefficientOfVariation_0,StandardDeviation,StandardDeviation_0
0,66.29213483146067,65.92592592592592,17.317304611206055,19.41729736328125,1.9382286071777344,1.728781819343567,33.56489562988281,33.56827163696289
