,Accuracy,Accuracy_0,AverageDeviation,AverageDeviation_0,CoefficientOfVariation,CoefficientOfVariation_0,StandardDeviation,StandardDeviation_0
0,53.558052434456926,61.19402985074627,2.6020619869232178,7.303150177001953,2.102280855178833,1.2904964685440063,5.4702653884887695,9.424689292907715
