,Accuracy,Accuracy_0,AverageDeviation,AverageDeviation_0,CoefficientOfVariation,CoefficientOfVariation_0,StandardDeviation,StandardDeviation_0
0,65.13409961685824,75.32467532467533,2.812100686826671,5.059395490683517,1.790969793744765,1.4705070662860478,5.036387387075475,7.439876820185878
