,Origin,Predict
0,25.0,20.909693
1,0.0,3.5219297
2,25.0,22.398174
3,25.0,24.759893
4,19.8,20.039778
5,14.8,11.903847
6,24.0,24.660799
7,19.2,17.986101
8,0.0,0.10940517
9,20.0,20.506279
10,19.3,20.397024
11,20.0,16.663021
12,12.7,9.32177
13,12.0,14.03441
14,10.0,10.838367
15,0.0,3.6093218
16,12.8,15.397329
17,13.8,16.043404
18,18.0,17.46558
19,13.0,13.323951
20,16.0,15.060744
21,11.4,13.744656
22,0.0,1.1862777
23,15.9,13.748973
24,14.0,11.742106
25,10.0,15.416546
26,13.0,11.469449
27,10.0,10.634615
28,9.9,9.821919
29,0.0,0.88904434
