,Accuracy,Accuracy_0,AverageDeviation,AverageDeviation_0,CoefficientOfVariation,CoefficientOfVariation_0,StandardDeviation,StandardDeviation_0
0,51.68539325842697,58.82352941176471,1.2068692445755005,9.764253616333008,3.1300578117370605,1.260856032371521,3.7775704860687256,12.311318397521973
