,Accuracy,Accuracy_0,AverageDeviation,AverageDeviation_0,CoefficientOfVariation,CoefficientOfVariation_0,StandardDeviation,StandardDeviation_0
0,77.01149425287356,78.57142857142857,5.818210686636212,5.600044109140123,1.490716025698807,1.527404568481383,8.673299911460662,8.55353295599788
