,Accuracy,Accuracy_0,AverageDeviation,AverageDeviation_0,CoefficientOfVariation,CoefficientOfVariation_0,StandardDeviation,StandardDeviation_0
0,66.66666666666666,60.0,4.951270911063271,4.701058588493161,1.3883879955806657,1.4302703796858571,6.874285095787991,6.7237848522895725
