,Accuracy,Accuracy_0,AverageDeviation,AverageDeviation_0,CoefficientOfVariation,CoefficientOfVariation_0,StandardDeviation,StandardDeviation_0
0,47.19101123595505,66.66666666666666,2.0260090827941895,25.768877029418945,3.6846020221710205,1.0667755603790283,7.4650373458862305,27.489606857299805
