,Accuracy,Accuracy_0,AverageDeviation,AverageDeviation_0,CoefficientOfVariation,CoefficientOfVariation_0,StandardDeviation,StandardDeviation_0
0,71.64750957854406,67.2566371681416,10.99083991014181,10.549736130976045,1.5147678433411178,1.5368315208434706,16.648570867192994,16.21316702266523
