,Accuracy,Accuracy_0,AverageDeviation,AverageDeviation_0,CoefficientOfVariation,CoefficientOfVariation_0,StandardDeviation,StandardDeviation_0
0,72.28464419475655,66.27906976744185,13.281049728393555,13.881165504455566,1.4191581010818481,1.3740191459655762,18.847909927368164,19.072986602783203
