,Accuracy,Accuracy_0,AverageDeviation,AverageDeviation_0,CoefficientOfVariation,CoefficientOfVariation_0,StandardDeviation,StandardDeviation_0
0,75.86206896551724,71.49532710280374,7.9281787405411395,6.749212059127949,1.4256825605795918,1.368927424151869,11.303066167547374,9.239181479156754
