,Accuracy,Accuracy_0,AverageDeviation,AverageDeviation_0,CoefficientOfVariation,CoefficientOfVariation_0,StandardDeviation,StandardDeviation_0
0,62.45210727969349,76.82926829268293,13.440568021904692,22.006317943479953,1.5364742444974167,1.2787488616030536,20.65108659707215,28.14055401829984
