,Accuracy,Accuracy_0,AverageDeviation,AverageDeviation_0,CoefficientOfVariation,CoefficientOfVariation_0,StandardDeviation,StandardDeviation_0
0,84.2911877394636,86.27450980392157,14.474055955664637,15.373510856254429,1.2346073784462288,1.2472611225701349,17.869776278907143,19.174782408416053
