,Accuracy,Accuracy_0,AverageDeviation,AverageDeviation_0,CoefficientOfVariation,CoefficientOfVariation_0,StandardDeviation,StandardDeviation_0
0,62.06896551724138,50.0,7.218773415666769,19.40622211735824,2.533642562233716,1.7254815433019082,18.289791573054586,33.48507808871892
