,Accuracy,Accuracy_0,AverageDeviation,AverageDeviation_0,CoefficientOfVariation,CoefficientOfVariation_0,StandardDeviation,StandardDeviation_0
0,72.28464419475655,67.56756756756756,10.219855308532715,10.107738494873047,1.5785831212997437,1.5227750539779663,16.132890701293945,15.391812324523926
