,Accuracy,Accuracy_0,AverageDeviation,AverageDeviation_0,CoefficientOfVariation,CoefficientOfVariation_0,StandardDeviation,StandardDeviation_0
0,55.0561797752809,55.26315789473685,5.6536078453063965,6.625064849853516,1.9608941078186035,1.7709362506866455,11.086126327514648,11.73256778717041
