,Accuracy,Accuracy_0,AverageDeviation,AverageDeviation_0,CoefficientOfVariation,CoefficientOfVariation_0,StandardDeviation,StandardDeviation_0
0,76.40449438202246,71.49321266968326,6.701488494873047,6.026178359985352,1.9014743566513062,1.6362245082855225,12.742708206176758,9.860180854797363
