,Accuracy,Accuracy_0,AverageDeviation,AverageDeviation_0,CoefficientOfVariation,CoefficientOfVariation_0,StandardDeviation,StandardDeviation_0
0,62.546816479400746,51.886792452830186,13.124978065490723,15.711142539978027,1.9768651723861694,1.6651420593261719,25.946311950683594,26.161283493041992
