,Accuracy,Accuracy_0,AverageDeviation,AverageDeviation_0,CoefficientOfVariation,CoefficientOfVariation_0,StandardDeviation,StandardDeviation_0
0,69.66292134831461,62.43386243386243,25.090017318725586,27.563323974609375,1.5964165925979614,1.5620861053466797,40.05411911010742,43.0562858581543
