,Origin,Predict
0,13.2,11.498985
1,11.6,12.13921
2,11.7,11.001494
3,12.5,12.746639
4,11.8,13.4435835
5,11.8,12.108907
6,0.0,0.028101832
7,10.9,11.566365
8,11.2,12.510656
9,11.2,11.128512
10,11.4,12.384445
11,13.2,13.322488
12,11.1,12.940076
13,0.0,0.61283135
14,11.3,12.047795
15,12.8,13.103965
16,12.0,12.548076
17,11.3,11.814784
18,14.2,13.967066
19,15.0,15.209672
20,0.0,2.8283083
21,13.1,11.788156
22,10.4,10.823975
23,11.1,11.769734
24,10.7,11.860575
25,11.5,11.2424965
26,10.6,12.080947
27,0.0,0.1596241
28,10.9,9.758831
29,9.9,9.0592575
