,Accuracy,Accuracy_0,AverageDeviation,AverageDeviation_0,CoefficientOfVariation,CoefficientOfVariation_0,StandardDeviation,StandardDeviation_0
0,53.63984674329502,44.44444444444444,2.8918704950189134,41.63326733642154,4.712234419401259,1.2746977637589785,13.62717168307908,53.06983277171626
