,Origin,Predict
0,0.0,0.14558668
1,0.0,0.029669018
2,0.0,0.22202289
3,0.0,0.1978571
4,0.0,0.38215506
5,0.0,0.35661647
6,0.0,0.3784804
7,0.0,0.10189496
8,0.0,0.29427624
9,0.0,0.18385622
10,0.0,0.16594443
11,0.0,0.10078054
12,0.0,0.22290759
13,0.0,0.15148167
14,0.0,0.1601865
15,0.0,0.07969359
16,0.0,0.07222716
17,0.0,0.059831932
18,0.0,0.14381535
19,0.0,0.021437962
20,0.0,0.0911983
21,0.0,0.1793328
22,0.0,0.31520793
23,0.0,0.32433388
24,0.0,0.39481032
25,0.0,0.48447064
26,0.0,0.32508054
27,0.0,0.6215966
28,0.0,0.6322765
29,0.0,0.56665653
