,Accuracy,Accuracy_0,AverageDeviation,AverageDeviation_0,CoefficientOfVariation,CoefficientOfVariation_0,StandardDeviation,StandardDeviation_0
0,76.02996254681648,70.32967032967034,9.661213874816895,17.20351219177246,1.6427977085113525,1.3699251413345337,15.871419906616211,23.567523956298828
