,Accuracy,Accuracy_0,AverageDeviation,AverageDeviation_0,CoefficientOfVariation,CoefficientOfVariation_0,StandardDeviation,StandardDeviation_0
0,57.47126436781609,77.77777777777779,0.5211569035206779,9.113559934828016,5.854999882255488,1.2684965086942845,3.0513736087502035,11.56051895910545
