,Accuracy,Accuracy_0,AverageDeviation,AverageDeviation_0,CoefficientOfVariation,CoefficientOfVariation_0,StandardDeviation,StandardDeviation_0
0,67.81609195402298,77.5,2.76598281322195,7.660442128181456,1.9334802233046235,1.276206490809065,5.3479730673651265,9.776305966452382
