,Origin,Predict
0,0.0,0.06651265
1,0.0,0.42635548
2,0.0,1.4687977
3,0.0,1.1257193
4,0.0,0.72562134
5,0.0,1.1742426
6,0.0,1.6192642
7,0.0,1.3352193
8,0.0,2.3362937
9,0.0,0.40928808
10,0.0,0.8742104
11,0.0,3.0194485
12,8.0,4.5631595
13,0.0,2.1165454
14,0.0,0.826306
15,0.0,2.157579
16,0.0,0.26908657
17,0.0,0.42130375
18,7.0,5.7839704
19,8.0,6.7983413
20,7.0,3.9050784
21,0.0,0.22528255
22,0.0,1.5857501
23,0.0,1.6745086
24,6.0,0.5201121
25,0.0,0.28806219
26,0.0,0.9821826
27,0.0,0.26770294
28,0.0,0.16850843
29,0.0,0.87407076
