,Accuracy,Accuracy_0,AverageDeviation,AverageDeviation_0,CoefficientOfVariation,CoefficientOfVariation_0,StandardDeviation,StandardDeviation_0
0,69.66292134831461,65.58139534883722,15.719108581542969,15.574828147888184,1.523563265800476,1.4083147048950195,23.94905662536621,21.93425941467285
