,Accuracy,Accuracy_0,AverageDeviation,AverageDeviation_0,CoefficientOfVariation,CoefficientOfVariation_0,StandardDeviation,StandardDeviation_0
0,68.5823754789272,64.77987421383648,3.5984066564518358,3.806118714434544,1.6074247780102824,1.6126522786633073,5.784168020937814,6.137946017695925
