,Accuracy,Accuracy_0,AverageDeviation,AverageDeviation_0,CoefficientOfVariation,CoefficientOfVariation_0,StandardDeviation,StandardDeviation_0
0,67.81609195402298,62.42038216560509,11.477203572461546,11.94888486376234,1.5661665053777496,1.537745548368085,17.975211810591123,18.37434450721333
