,Accuracy,Accuracy_0,AverageDeviation,AverageDeviation_0,CoefficientOfVariation,CoefficientOfVariation_0,StandardDeviation,StandardDeviation_0
0,59.77011494252874,65.33333333333333,7.082144465845548,13.372349934895835,1.9180591237793199,1.356823513586987,13.583971808638271,18.143918823580083
