,Origin,Predict
0,86.2,95.57269
1,83.3,97.50756
2,114.3,105.96187
3,83.8,105.135956
4,0.0,1.318862
5,102.1,97.09601
6,112.1,137.88127
7,96.6,96.130264
8,89.2,95.23653
9,90.9,100.82721
10,91.8,90.178635
11,0.0,8.131396
12,91.7,84.79167
13,89.4,96.189026
14,91.5,94.48222
15,91.2,98.53814
16,90.8,93.54348
17,106.0,89.76043
18,0.0,11.515773
19,97.4,76.14439
20,93.2,94.61394
21,87.8,94.88813
22,87.9,94.851944
23,95.1,108.38435
24,90.4,95.51164
25,0.0,19.856226
26,0.0,26.628263
27,90.5,72.06886
28,90.0,94.19923
29,91.3,103.43325
