,Accuracy,Accuracy_0,AverageDeviation,AverageDeviation_0,CoefficientOfVariation,CoefficientOfVariation_0,StandardDeviation,StandardDeviation_0
0,71.53558052434457,63.76811594202898,23.321441650390625,29.204200744628906,1.666115403175354,1.5077754259109497,38.8562126159668,44.03337478637695
