,Accuracy,Accuracy_0,AverageDeviation,AverageDeviation_0,CoefficientOfVariation,CoefficientOfVariation_0,StandardDeviation,StandardDeviation_0
0,71.16104868913857,66.20370370370371,28.929834365844727,24.184858322143555,1.7935030460357666,1.800935983657837,51.885746002197266,43.555381774902344
