,Accuracy,Accuracy_0,AverageDeviation,AverageDeviation_0,CoefficientOfVariation,CoefficientOfVariation_0,StandardDeviation,StandardDeviation_0
0,69.73180076628353,59.310344827586206,6.689865260859559,6.491437167134778,1.3383990322278427,1.3413102871184326,8.953709190869098,8.707031450460814
