,Origin,Predict
0,0.0,12.725467
1,45.0,39.126183
2,45.0,44.381393
3,45.0,48.72899
4,45.0,42.100662
5,45.0,53.176308
6,45.0,50.48409
7,0.0,1.3481317
8,45.0,42.56119
9,55.0,54.143993
10,45.0,45.56712
11,0.0,8.404814
12,45.0,38.72331
13,45.0,45.29981
14,0.0,13.574756
15,45.0,42.30236
16,45.0,47.21241
17,45.0,48.846004
18,0.0,1.0788357
19,45.0,48.084373
20,45.0,48.26662
21,0.0,5.4364257
22,0.0,3.603514
23,0.0,2.88553
24,45.0,45.292282
25,45.0,46.122818
26,45.0,50.204456
27,45.0,48.688755
28,0.0,0.2169642
29,45.0,37.556812
