,Accuracy,Accuracy_0,AverageDeviation,AverageDeviation_0,CoefficientOfVariation,CoefficientOfVariation_0,StandardDeviation,StandardDeviation_0
0,67.04119850187266,63.91752577319587,10.614495277404785,15.14846134185791,2.065563917160034,1.6119872331619263,21.924917221069336,24.419126510620117
