,Accuracy,Accuracy_0,AverageDeviation,AverageDeviation_0,CoefficientOfVariation,CoefficientOfVariation_0,StandardDeviation,StandardDeviation_0
0,61.04868913857678,75.0,7.472648620605469,13.971956253051758,1.8977551460266113,1.3742743730545044,14.181257247924805,19.20130157470703
