,Accuracy,Accuracy_0,AverageDeviation,AverageDeviation_0,CoefficientOfVariation,CoefficientOfVariation_0,StandardDeviation,StandardDeviation_0
0,73.78277153558052,69.36936936936937,14.71342945098877,15.784955024719238,1.5068727731704712,1.4576157331466675,22.171266555786133,23.008398056030273
