,Accuracy,Accuracy_0,AverageDeviation,AverageDeviation_0,CoefficientOfVariation,CoefficientOfVariation_0,StandardDeviation,StandardDeviation_0
0,73.18007662835248,67.29857819905213,5.808257327591324,5.117930679411685,1.4690622453675852,1.476475407604112,8.53269155134404,7.5564987859739565
