,Origin,Predict
0,54.1,46.37031
1,49.2,47.41504
2,45.5,48.735607
3,43.6,47.980034
4,46.3,47.77755
5,50.2,46.355354
6,0.0,0.22778448
7,48.7,47.619324
8,50.6,47.784172
9,51.9,50.818096
10,51.2,55.07224
11,56.1,57.0237
12,56.3,57.272938
13,0.0,3.638173
14,56.9,55.915386
15,56.2,55.778088
16,53.8,56.117615
17,55.0,56.14622
18,56.0,53.373
19,55.9,53.88366
20,0.0,1.6469646
21,55.6,56.067127
22,52.1,53.247902
23,53.7,53.822308
24,58.1,57.92048
25,56.4,57.816986
26,57.7,60.084694
27,0.0,0.8505529
28,56.4,53.782772
29,55.4,51.757168
