,Accuracy,Accuracy_0,AverageDeviation,AverageDeviation_0,CoefficientOfVariation,CoefficientOfVariation_0,StandardDeviation,StandardDeviation_0
0,65.13409961685824,61.038961038961034,26.206354758291866,24.56928629689402,1.4805049299797797,1.4059421303059039,38.79863741645016,34.54299471635083
