,Accuracy,Accuracy_0,AverageDeviation,AverageDeviation_0,CoefficientOfVariation,CoefficientOfVariation_0,StandardDeviation,StandardDeviation_0
0,68.53932584269663,57.95454545454546,5.057607173919678,5.3199543952941895,1.8075968027114868,1.5995757579803467,9.142114639282227,8.50967025756836
