,Origin,Predict
0,90.0,90.22558
1,0.0,6.1050196
2,100.0,92.27236
3,90.0,85.755005
4,90.0,91.1894
5,90.0,83.304665
6,90.0,86.053085
7,90.0,86.641556
8,0.0,1.6519108
9,90.0,98.17389
10,90.0,89.57372
11,90.0,92.23335
12,86.4,87.40005
13,90.0,88.248184
14,90.0,87.32973
15,0.0,3.740967
16,90.0,95.272484
17,90.0,88.77686
18,90.0,96.54113
19,90.0,90.397804
20,90.0,94.36865
21,100.0,91.830894
22,0.0,7.761505
23,90.0,87.319695
24,90.0,89.01722
25,90.0,95.38634
26,90.0,85.75769
27,90.0,89.897446
28,90.0,77.84284
29,0.0,11.057936
