,Accuracy,Accuracy_0,AverageDeviation,AverageDeviation_0,CoefficientOfVariation,CoefficientOfVariation_0,StandardDeviation,StandardDeviation_0
0,66.29213483146067,66.66666666666666,5.017203330993652,7.618156909942627,1.8127211332321167,1.4332563877105713,9.0947904586792,10.918771743774414
