,Accuracy,Accuracy_0,AverageDeviation,AverageDeviation_0,CoefficientOfVariation,CoefficientOfVariation_0,StandardDeviation,StandardDeviation_0
0,65.54307116104869,73.77049180327869,11.527883529663086,24.684032440185547,1.9535261392593384,1.4188182353973389,22.520021438598633,35.02215576171875
