,Accuracy,Accuracy_0,AverageDeviation,AverageDeviation_0,CoefficientOfVariation,CoefficientOfVariation_0,StandardDeviation,StandardDeviation_0
0,67.04119850187266,61.79245283018868,11.243549346923828,8.755056381225586,1.6618677377700806,1.6594583988189697,18.685291290283203,14.52865219116211
