,Origin,Predict
0,0.0,0.27201435
1,0.0,0.6865465
2,0.0,1.118772
3,0.0,0.6303291
4,0.0,0.99873066
5,0.0,0.067576945
6,0.0,0.5051991
7,0.0,1.1276864
8,0.0,0.500523
9,0.0,1.350756
10,0.0,0.8877086
11,0.0,1.0680933
12,0.0,0.22433154
13,0.0,0.34674454
14,0.0,0.16701742
15,0.0,0.27968127
16,0.0,0.9452158
17,0.0,0.21408029
18,0.0,0.4651546
19,0.0,0.33182967
20,0.0,0.6729502
21,0.0,0.592361
22,0.0,0.12717718
23,0.0,0.7509618
24,0.0,0.013426345
25,0.0,0.19617952
26,0.0,0.50905263
27,0.0,0.0048895315
28,0.0,0.75040495
29,0.0,1.9302549
