,Accuracy,Accuracy_0,AverageDeviation,AverageDeviation_0,CoefficientOfVariation,CoefficientOfVariation_0,StandardDeviation,StandardDeviation_0
0,60.53639846743295,73.33333333333333,4.011838737609832,24.510291798909506,2.693998293559751,1.120156213699569,10.807886713157792,27.455355658138075
