,Accuracy,Accuracy_0,AverageDeviation,AverageDeviation_0,CoefficientOfVariation,CoefficientOfVariation_0,StandardDeviation,StandardDeviation_0
0,84.2911877394636,81.60377358490565,9.104089849365167,7.785699308143471,1.6157541791545322,1.5254318427917517,14.709971221510123,11.876553643043762
