,Origin,Predict
0,64.7,65.95
1,61.6,61.061337
2,55.1,53.926308
3,0.0,3.4679976
4,69.5,69.9284
5,78.4,83.65689
6,87.7,83.29571
7,91.2,86.30893
8,99.4,95.811035
9,100.9,89.44702
10,0.0,17.470432
11,90.6,67.54328
12,76.6,77.06076
13,79.7,70.546265
14,76.8,68.05542
15,81.0,74.911224
16,75.3,68.10924
17,0.0,20.777308
18,0.0,27.961412
19,83.6,59.85129
20,88.3,80.50122
21,82.6,83.92414
22,82.4,64.8159
23,52.5,51.685257
24,0.0,1.7761091
25,65.3,60.84705
26,69.3,63.933765
27,59.5,55.88392
28,62.2,58.75851
29,65.8,56.153347
