,Accuracy,Accuracy_0,AverageDeviation,AverageDeviation_0,CoefficientOfVariation,CoefficientOfVariation_0,StandardDeviation,StandardDeviation_0
0,78.9272030651341,72.44897959183673,2.056564292031914,1.8925463715378117,1.3784169407469178,1.4362192180997946,2.834803059871982,2.7181114699476394
