,Accuracy,Accuracy_0,AverageDeviation,AverageDeviation_0,CoefficientOfVariation,CoefficientOfVariation_0,StandardDeviation,StandardDeviation_0
0,67.79026217228464,62.03703703703704,37.217735290527344,29.72886848449707,2.1798532009124756,1.816125512123108,81.12920379638672,53.991355895996094
