,Accuracy,Accuracy_0,AverageDeviation,AverageDeviation_0,CoefficientOfVariation,CoefficientOfVariation_0,StandardDeviation,StandardDeviation_0
0,66.66666666666666,68.0,6.145247202323771,14.657347923517227,1.8716993641431765,1.4640579917099765,11.502055281092037,21.459207364699026
