,Accuracy,Accuracy_0,AverageDeviation,AverageDeviation_0,CoefficientOfVariation,CoefficientOfVariation_0,StandardDeviation,StandardDeviation_0
0,50.936329588014985,57.14285714285714,1.6529465913772583,15.111665725708008,3.374579668045044,1.0927730798721313,5.578000068664551,16.513622283935547
