,Accuracy,Accuracy_0,AverageDeviation,AverageDeviation_0,CoefficientOfVariation,CoefficientOfVariation_0,StandardDeviation,StandardDeviation_0
0,71.16104868913857,67.14975845410628,10.412036895751953,9.998382568359375,1.4821996688842773,1.3764041662216187,15.432717323303223,13.761815071105957
