,Accuracy,Accuracy_0,AverageDeviation,AverageDeviation_0,CoefficientOfVariation,CoefficientOfVariation_0,StandardDeviation,StandardDeviation_0
0,55.938697318007655,48.4375,4.877668965877287,10.104418531060219,2.0342018061697558,1.4730819480681687,9.922163020285742,14.88463653383029
