,Accuracy,Accuracy_0,AverageDeviation,AverageDeviation_0,CoefficientOfVariation,CoefficientOfVariation_0,StandardDeviation,StandardDeviation_0
0,74.71264367816092,72.1590909090909,4.208818599994213,4.044072557037527,1.3632265489395163,1.3397474117041075,5.737573255182558,5.418035741034639
