,Accuracy,Accuracy_0,AverageDeviation,AverageDeviation_0,CoefficientOfVariation,CoefficientOfVariation_0,StandardDeviation,StandardDeviation_0
0,69.28838951310861,65.83333333333333,4.529142379760742,7.322884559631348,1.9227827787399292,1.4732393026351929,8.70855712890625,10.788361549377441
