,Accuracy,Accuracy_0,AverageDeviation,AverageDeviation_0,CoefficientOfVariation,CoefficientOfVariation_0,StandardDeviation,StandardDeviation_0
0,68.91385767790263,62.55924170616114,12.015405654907227,9.56473445892334,1.6399658918380737,1.4869985580444336,19.70485496520996,14.222746849060059
