,Accuracy,Accuracy_0,AverageDeviation,AverageDeviation_0,CoefficientOfVariation,CoefficientOfVariation_0,StandardDeviation,StandardDeviation_0
0,79.7752808988764,77.60416666666666,13.94041633605957,13.629210472106934,1.5590806007385254,1.4955756664276123,21.73423194885254,20.383516311645508
