,Accuracy,Accuracy_0,AverageDeviation,AverageDeviation_0,CoefficientOfVariation,CoefficientOfVariation_0,StandardDeviation,StandardDeviation_0
0,69.28838951310861,64.28571428571429,19.059749603271484,17.842941284179688,1.620740294456482,1.5833462476730347,30.89090347290039,28.251554489135742
