,Accuracy,Accuracy_0,AverageDeviation,AverageDeviation_0,CoefficientOfVariation,CoefficientOfVariation_0,StandardDeviation,StandardDeviation_0
0,73.03370786516854,66.82926829268293,11.029121398925781,10.407352447509766,1.5572288036346436,1.4059500694274902,17.17486572265625,14.632217407226562
