,Accuracy,Accuracy_0,AverageDeviation,AverageDeviation_0,CoefficientOfVariation,CoefficientOfVariation_0,StandardDeviation,StandardDeviation_0
0,78.9272030651341,78.28571428571428,2.8441612197978285,2.5181753883021214,1.3416990865530019,1.3140615689564406,3.816008510612218,3.3090375016597795
