,Accuracy,Accuracy_0,AverageDeviation,AverageDeviation_0,CoefficientOfVariation,CoefficientOfVariation_0,StandardDeviation,StandardDeviation_0
0,61.04868913857678,51.17647058823529,5.937015533447266,6.281759738922119,1.6634087562561035,1.5617523193359375,9.875683784484863,9.810552597045898
