,Accuracy,Accuracy_0,AverageDeviation,AverageDeviation_0,CoefficientOfVariation,CoefficientOfVariation_0,StandardDeviation,StandardDeviation_0
0,73.5632183908046,69.19431279620854,13.681091581907316,11.619617897413363,1.75577518564731,1.9452121026907174,24.02092111208117,22.60262136269014
