,Accuracy,Accuracy_0,AverageDeviation,AverageDeviation_0,CoefficientOfVariation,CoefficientOfVariation_0,StandardDeviation,StandardDeviation_0
0,73.9463601532567,70.50691244239631,5.310997916367692,4.936043264679097,1.6266810522847286,1.700330524583054,8.639299679278999,8.39290503359646
