,Accuracy,Accuracy_0,AverageDeviation,AverageDeviation_0,CoefficientOfVariation,CoefficientOfVariation_0,StandardDeviation,StandardDeviation_0
0,77.01149425287356,74.0,5.611135755279511,5.28127072906494,1.4186922130960118,1.4503796195443608,7.960474602639651,7.659847430731977
