,Accuracy,Accuracy_0,AverageDeviation,AverageDeviation_0,CoefficientOfVariation,CoefficientOfVariation_0,StandardDeviation,StandardDeviation_0
0,76.02996254681648,72.14611872146118,7.2533721923828125,6.529458522796631,1.741416573524475,1.619381070137024,12.631142616271973,10.573681831359863
