,Origin,Predict
0,88.0,91.472664
1,0.0,3.5350134
2,80.6,90.12332
3,76.3,79.473755
4,80.9,75.42222
5,77.4,80.71631
6,91.4,95.75946
7,89.5,94.82491
8,0.0,8.644941
9,92.0,82.57136
10,86.6,82.40266
11,81.4,73.73427
12,78.8,75.893234
13,90.0,91.373924
14,89.2,89.47302
15,0.0,7.617516
16,81.3,88.23522
17,87.4,89.3389
18,84.6,74.93026
19,91.6,80.853424
20,89.8,86.71246
21,95.3,93.3145
22,0.0,2.9045084
23,94.9,93.20302
24,82.0,87.25619
25,82.6,76.66127
26,77.2,84.56176
27,86.2,70.748924
28,78.5,77.858345
29,0.0,3.6866846
