,Accuracy,Accuracy_0,AverageDeviation,AverageDeviation_0,CoefficientOfVariation,CoefficientOfVariation_0,StandardDeviation,StandardDeviation_0
0,67.81609195402298,62.295081967213115,4.154169104825634,4.214331444495363,1.4870240102902526,1.3107238837897237,6.1773492016816824,5.523824878506118
