,Accuracy,Accuracy_0,AverageDeviation,AverageDeviation_0,CoefficientOfVariation,CoefficientOfVariation_0,StandardDeviation,StandardDeviation_0
0,60.53639846743295,69.33333333333334,6.211855948004173,11.444247267882028,1.6022813987816527,1.3241960491462734,9.953141237398254,15.154427017582416
