,Accuracy,Accuracy_0,AverageDeviation,AverageDeviation_0,CoefficientOfVariation,CoefficientOfVariation_0,StandardDeviation,StandardDeviation_0
0,70.4119850187266,65.74074074074075,5.003726482391357,4.656534194946289,1.7621855735778809,1.6273653507232666,8.81749439239502,7.577882289886475
