,Accuracy,Accuracy_0,AverageDeviation,AverageDeviation_0,CoefficientOfVariation,CoefficientOfVariation_0,StandardDeviation,StandardDeviation_0
0,71.91011235955057,69.89795918367348,13.957597732543945,12.501011848449707,1.911940336227417,1.9369384050369263,26.686094284057617,24.21368980407715
