,Accuracy,Accuracy_0,AverageDeviation,AverageDeviation_0,CoefficientOfVariation,CoefficientOfVariation_0,StandardDeviation,StandardDeviation_0
0,60.67415730337079,68.42105263157895,0.6202527284622192,5.044008731842041,4.108838081359863,1.5732332468032837,2.548517942428589,7.9354023933410645
