,Accuracy,Accuracy_0,AverageDeviation,AverageDeviation_0,CoefficientOfVariation,CoefficientOfVariation_0,StandardDeviation,StandardDeviation_0
0,66.28352490421456,55.32994923857868,1.2884077162663827,1.163975136413187,1.3545284669496482,1.3609560248013883,1.7451849287204009,1.5841189746205446
