,Accuracy,Accuracy_0,AverageDeviation,AverageDeviation_0,CoefficientOfVariation,CoefficientOfVariation_0,StandardDeviation,StandardDeviation_0
0,79.6934865900383,75.81395348837209,21.308523219389926,19.612053506540704,1.2978849841215627,1.2865745484448259,27.656012320251847,25.23236888425337
