,Accuracy,Accuracy_0,AverageDeviation,AverageDeviation_0,CoefficientOfVariation,CoefficientOfVariation_0,StandardDeviation,StandardDeviation_0
0,61.42322097378277,54.45544554455446,3.2414753437042236,6.955220699310303,2.036609649658203,1.4018553495407104,6.601619720458984,9.750213623046875
