,Accuracy,Accuracy_0,AverageDeviation,AverageDeviation_0,CoefficientOfVariation,CoefficientOfVariation_0,StandardDeviation,StandardDeviation_0
0,41.7624521072797,62.96296296296296,2.9197285282969747,11.516230159335667,3.7114185670523883,1.4215222677118884,10.836334670673937,16.37057761159088
