,Origin,Predict
0,0.0,0.24675643
1,0.0,0.3872188
2,0.0,0.32388204
3,0.0,0.54772913
4,0.0,0.6696145
5,0.0,0.08343578
6,0.0,0.5815832
7,0.0,0.532928
8,0.0,0.4186425
9,0.0,0.1144671
10,0.0,0.17151776
11,0.0,0.55149186
12,0.0,0.0075517604
13,0.0,0.28669554
14,0.0,0.020091178
15,0.0,0.34130272
16,0.0,0.16517904
17,0.0,0.26020113
18,0.0,0.40658402
19,0.0,0.003858948
20,0.0,0.31774297
21,0.0,0.18058942
22,0.0,0.06458368
23,0.0,0.004640071
24,0.0,0.12917367
25,0.0,0.24297298
26,0.0,0.28746638
27,0.0,0.5635995
28,0.0,0.3900496
29,0.0,0.5403511
