,Accuracy,Accuracy_0,AverageDeviation,AverageDeviation_0,CoefficientOfVariation,CoefficientOfVariation_0,StandardDeviation,StandardDeviation_0
0,81.22605363984674,80.0,17.958601591641887,17.458019637232248,1.6288074408716362,1.6717356066147826,29.251103900115513,29.185193048541237
