,Accuracy,Accuracy_0,AverageDeviation,AverageDeviation_0,CoefficientOfVariation,CoefficientOfVariation_0,StandardDeviation,StandardDeviation_0
0,65.90038314176245,77.41935483870968,3.8949938083564417,7.6415231646068635,1.5162418701108256,1.2491585187419603,5.905752696052458,9.545473757232687
