,Accuracy,Accuracy_0,AverageDeviation,AverageDeviation_0,CoefficientOfVariation,CoefficientOfVariation_0,StandardDeviation,StandardDeviation_0
0,77.01149425287356,74.25149700598801,2.5433703093928677,2.528370860094081,1.341762851554279,1.3465100638346752,3.4125997988894627,3.4044768082230137
