,Origin,Predict
0,23.0,24.302795
1,0.0,1.4664358
2,28.0,27.066101
3,25.5,23.14739
4,22.0,21.57365
5,22.0,21.114382
6,20.0,20.044308
7,25.0,25.15304
8,0.0,1.4082125
9,25.0,26.231207
10,22.7,24.812702
11,25.0,17.187983
12,0.0,2.1210222
13,0.0,0.19401866
14,20.1,16.829418
15,0.0,2.3327396
16,23.8,22.245068
17,23.3,21.77996
18,20.0,24.111298
19,18.0,11.927638
20,0.0,3.3021715
21,19.0,16.584862
22,0.0,1.8234129
23,13.0,11.771427
24,18.8,18.801916
25,20.0,20.686878
26,19.0,18.608826
27,20.1,21.575932
28,18.3,15.618251
29,0.0,0.45840377
