,Accuracy,Accuracy_0,AverageDeviation,AverageDeviation_0,CoefficientOfVariation,CoefficientOfVariation_0,StandardDeviation,StandardDeviation_0
0,75.47892720306514,70.04830917874396,2.9977036415560048,2.619264845456477,1.6099200802678255,1.392704389264319,4.826063287232996,3.6478616469129634
