,Origin,Predict
0,21.0,20.789131
1,20.4,21.751162
2,22.8,24.8917
3,27.4,28.714043
4,0.0,4.834342
5,31.7,30.809746
6,30.1,31.016058
7,27.0,26.2257
8,24.5,21.33513
9,19.9,18.98103
10,17.8,20.25871
11,0.0,2.7511415
12,18.3,23.646212
13,28.0,26.228611
14,24.6,25.895384
15,25.2,23.607578
16,22.9,23.352057
17,24.3,26.511505
18,0.0,3.0714526
19,22.3,23.284395
20,21.4,21.793398
21,19.6,20.50669
22,22.6,22.88476
23,26.8,24.446161
24,24.0,26.525557
25,0.0,0.50147355
26,22.1,22.28924
27,21.6,24.762985
28,20.3,21.226543
29,23.4,22.107687
