,Accuracy,Accuracy_0,AverageDeviation,AverageDeviation_0,CoefficientOfVariation,CoefficientOfVariation_0,StandardDeviation,StandardDeviation_0
0,64.41947565543072,64.9425287356322,12.349997520446777,14.041247367858887,1.5274384021759033,1.3379061222076416,18.863861083984375,18.785871505737305
