,Accuracy,Accuracy_0,AverageDeviation,AverageDeviation_0,CoefficientOfVariation,CoefficientOfVariation_0,StandardDeviation,StandardDeviation_0
0,69.28838951310861,62.98701298701299,43.049800872802734,57.800323486328125,1.5647917985916138,1.4147701263427734,67.36397552490234,81.774169921875
