,Accuracy,Accuracy_0,AverageDeviation,AverageDeviation_0,CoefficientOfVariation,CoefficientOfVariation_0,StandardDeviation,StandardDeviation_0
0,61.42322097378277,64.63414634146342,8.788812637329102,17.245399475097656,1.7420704364776611,1.3186718225479126,15.310730934143066,22.74102210998535
