,Accuracy,Accuracy_0,AverageDeviation,AverageDeviation_0,CoefficientOfVariation,CoefficientOfVariation_0,StandardDeviation,StandardDeviation_0
0,71.16104868913857,65.89861751152074,6.643401622772217,6.67426872253418,1.5961639881134033,1.5128611326217651,10.603958129882812,10.097241401672363
