,Accuracy,Accuracy_0,AverageDeviation,AverageDeviation_0,CoefficientOfVariation,CoefficientOfVariation_0,StandardDeviation,StandardDeviation_0
0,70.4119850187266,66.06334841628959,6.54298734664917,5.624730110168457,1.6212503910064697,1.5754629373550415,10.607820510864258,8.861554145812988
