,Accuracy,Accuracy_0,AverageDeviation,AverageDeviation_0,CoefficientOfVariation,CoefficientOfVariation_0,StandardDeviation,StandardDeviation_0
0,78.544061302682,75.0,5.6250190572948755,5.275387051472299,1.4043009064363723,1.3609415154315576,7.8992193608810615,7.179493248318726
