,Accuracy,Accuracy_0,AverageDeviation,AverageDeviation_0,CoefficientOfVariation,CoefficientOfVariation_0,StandardDeviation,StandardDeviation_0
0,75.28089887640449,72.88888888888889,26785.052734375,25746.939453125,1.7308945655822754,1.6343516111373901,46362.1015625,42079.55078125
