,Accuracy,Accuracy_0,AverageDeviation,AverageDeviation_0,CoefficientOfVariation,CoefficientOfVariation_0,StandardDeviation,StandardDeviation_0
0,75.47892720306514,72.16981132075472,6.269415583395866,6.034665389555806,1.4515741567861047,1.4648735019675372,9.10052163900952,8.840021422400905
