,Accuracy,Accuracy_0,AverageDeviation,AverageDeviation_0,CoefficientOfVariation,CoefficientOfVariation_0,StandardDeviation,StandardDeviation_0
0,71.16104868913857,68.12227074235808,17.917377471923828,17.6948184967041,1.5856338739395142,1.4269912242889404,28.410400390625,25.250350952148438
