,Accuracy,Accuracy_0,AverageDeviation,AverageDeviation_0,CoefficientOfVariation,CoefficientOfVariation_0,StandardDeviation,StandardDeviation_0
0,78.16091954022988,76.29310344827587,3.7555829071450493,3.3431086449787526,1.4290030771471138,1.3647029085797258,5.366739530791379,4.562350091500529
