,Origin,Predict
0,12.0,10.550524
1,13.3,12.06885
2,0.0,4.1264987
3,15.3,18.82956
4,18.0,17.170689
5,16.8,18.81449
6,18.2,18.907202
7,21.8,19.422857
8,28.0,26.229916
9,0.0,4.385066
10,25.8,25.30603
11,24.1,21.070911
12,22.2,23.30949
13,21.7,21.544384
14,24.4,23.863235
15,23.3,25.11874
16,0.0,3.8338761
17,24.7,25.621222
18,26.8,28.41713
19,34.2,32.80902
20,35.3,35.903046
21,36.0,38.765312
22,36.4,32.239376
23,0.0,5.130187
24,40.2,37.36099
25,40.9,41.04815
26,35.8,32.97717
27,28.5,28.296686
28,26.5,24.188227
29,20.3,22.232141
