,Accuracy,Accuracy_0,AverageDeviation,AverageDeviation_0,CoefficientOfVariation,CoefficientOfVariation_0,StandardDeviation,StandardDeviation_0
0,68.91385767790263,63.725490196078425,13.538675308227539,11.327054023742676,1.6261537075042725,1.5375837087631226,22.015966415405273,17.41629409790039
