,Origin,Predict
0,77.0,70.76264
1,0.0,10.199274
2,73.6,63.251003
3,71.1,69.007614
4,62.6,62.08735
5,64.2,58.903343
6,61.4,72.28663
7,63.3,50.695892
8,0.0,4.2088413
9,65.3,63.249107
10,59.2,51.967583
11,64.0,64.61732
12,65.0,69.80003
13,67.5,60.658062
14,63.3,79.54026
15,68.9,54.973198
16,58.0,69.72279
17,0.0,2.4976244
18,0.0,6.955522
19,66.4,67.51042
20,66.8,63.68142
21,58.8,60.69385
22,0.0,4.893363
23,71.3,65.57953
24,67.0,69.88602
25,70.0,64.203735
26,59.8,65.22973
27,62.2,59.740685
28,59.2,52.17278
29,0.0,7.7055793
