,Accuracy,Accuracy_0,AverageDeviation,AverageDeviation_0,CoefficientOfVariation,CoefficientOfVariation_0,StandardDeviation,StandardDeviation_0
0,64.75095785440614,72.3076923076923,3.960816134904579,11.436469046817377,1.9897161493117796,1.3137709651513372,7.8808998280743054,15.024900977560659
