,Origin,Predict
0,80.0,52.423824
1,0.0,33.640877
2,80.0,47.751583
3,0.0,34.458134
4,0.0,17.497925
5,0.0,24.152876
6,80.0,54.058228
7,80.0,84.88633
8,0.0,5.9961953
9,0.0,1.9011364
10,80.0,79.34302
11,80.0,82.607544
12,0.0,0.69701934
13,0.0,6.0643764
14,80.0,82.06225
15,0.0,11.959791
16,0.0,20.808313
17,80.0,56.737034
18,0.0,17.707485
19,80.0,63.351254
20,0.0,2.4610014
21,0.0,8.629711
22,0.0,5.514637
23,0.0,3.1228166
24,0.0,2.2278035
25,80.0,75.23675
26,80.0,81.12655
27,80.0,75.73169
28,0.0,3.231725
29,0.0,6.9974966
