,Origin,Predict
0,10.0,3.7958007
1,10.0,14.071134
2,12.0,14.029196
3,13.0,12.088642
4,13.0,12.112627
5,0.0,1.7541212
6,12.0,13.7179985
7,13.0,16.14405
8,12.0,12.422328
9,14.0,12.143772
10,13.0,7.9125175
11,0.0,4.6720347
12,0.0,4.849166
13,0.0,0.6820786
14,0.0,2.0512812
15,13.0,13.493635
16,12.0,11.66917
17,15.0,16.96844
18,22.0,14.7914915
19,0.0,3.5460856
20,17.0,21.628149
21,13.0,11.449854
22,22.0,18.823078
23,14.0,13.590441
24,0.0,2.0733495
25,14.0,11.808405
26,0.0,0.25576797
27,11.0,10.559731
28,5.0,3.0235603
29,0.0,7.781227
