,Accuracy,Accuracy_0,AverageDeviation,AverageDeviation_0,CoefficientOfVariation,CoefficientOfVariation_0,StandardDeviation,StandardDeviation_0
0,63.2183908045977,66.66666666666666,8.047983855562878,15.5435193447272,1.527100481104446,1.235018724859592,12.290080017750885,19.19653744095539
