,Accuracy,Accuracy_0,AverageDeviation,AverageDeviation_0,CoefficientOfVariation,CoefficientOfVariation_0,StandardDeviation,StandardDeviation_0
0,38.20224719101123,62.5,18.92390251159668,122.90377807617188,3.9456050395965576,1.3882887363433838,74.66624450683594,170.6259307861328
