,Accuracy,Accuracy_0,AverageDeviation,AverageDeviation_0,CoefficientOfVariation,CoefficientOfVariation_0,StandardDeviation,StandardDeviation_0
0,60.15325670498084,58.69565217391305,5.1802058356485805,14.130128158175427,1.8607759630695264,1.320173607328305,9.639202502727368,18.654222262589712
