,Accuracy,Accuracy_0,AverageDeviation,AverageDeviation_0,CoefficientOfVariation,CoefficientOfVariation_0,StandardDeviation,StandardDeviation_0
0,61.68582375478927,55.80357142857143,3.3934029089308337,2.84990724359772,1.8107067493321023,1.8917390011002235,6.14445755040425,5.391280682231843
