,Origin,Predict
0,28.6,26.95353
1,25.0,25.023842
2,25.0,25.36952
3,25.0,24.72075
4,25.0,23.216646
5,0.0,0.11056854
6,25.0,24.384186
7,26.3,24.860088
8,25.0,25.589005
9,25.0,24.912495
10,27.0,26.829899
11,25.0,25.352642
12,0.0,0.3205764
13,25.0,24.47936
14,25.0,24.927069
15,25.0,25.603443
16,28.4,26.930563
17,25.0,26.707775
18,25.0,25.027046
19,0.0,0.13104512
20,25.0,27.059818
21,26.9,26.101635
22,25.0,24.737299
23,25.0,26.386473
24,25.0,24.83464
25,25.0,25.139101
26,0.0,1.8669939
27,25.0,25.319933
28,25.0,26.005688
29,25.0,25.030472
