,Accuracy,Accuracy_0,AverageDeviation,AverageDeviation_0,CoefficientOfVariation,CoefficientOfVariation_0,StandardDeviation,StandardDeviation_0
0,68.5823754789272,62.616822429906534,8.610883651585299,7.54880837034956,1.691666376032394,1.7214939301556935,14.56674234131389,12.995227789465261
