,Accuracy,Accuracy_0,AverageDeviation,AverageDeviation_0,CoefficientOfVariation,CoefficientOfVariation_0,StandardDeviation,StandardDeviation_0
0,47.940074906367045,65.85365853658537,5.763442039489746,20.738447189331055,2.609360694885254,1.367246150970459,15.038899421691895,28.354562759399414
