,Accuracy,Accuracy_0,AverageDeviation,AverageDeviation_0,CoefficientOfVariation,CoefficientOfVariation_0,StandardDeviation,StandardDeviation_0
0,59.55056179775281,60.0,3.6388261318206787,24.38394546508789,3.3268980979919434,1.367910623550415,12.106003761291504,33.35505676269531
