,Accuracy,Accuracy_0,AverageDeviation,AverageDeviation_0,CoefficientOfVariation,CoefficientOfVariation_0,StandardDeviation,StandardDeviation_0
0,76.40449438202246,69.56521739130434,26.09728240966797,28.514562606811523,1.580145239830017,1.406956434249878,41.23749542236328,40.11874771118164
