,Accuracy,Accuracy_0,AverageDeviation,AverageDeviation_0,CoefficientOfVariation,CoefficientOfVariation_0,StandardDeviation,StandardDeviation_0
0,67.81609195402298,61.0062893081761,10.209364524049777,11.46841892326403,3.717057471224993,4.135615986626236,37.948794680578615,47.42897664037757
