,Accuracy,Accuracy_0,AverageDeviation,AverageDeviation_0,CoefficientOfVariation,CoefficientOfVariation_0,StandardDeviation,StandardDeviation_0
0,54.30711610486891,67.64705882352942,3.5891048908233643,17.77712059020996,2.604281187057495,1.2060574293136597,9.347038269042969,21.440229415893555
