,Accuracy,Accuracy_0,AverageDeviation,AverageDeviation_0,CoefficientOfVariation,CoefficientOfVariation_0,StandardDeviation,StandardDeviation_0
0,68.53932584269663,63.96396396396396,8.133687019348145,5.994263648986816,2.0814478397369385,1.5106351375579834,16.929845809936523,9.055145263671875
