,Accuracy,Accuracy_0,AverageDeviation,AverageDeviation_0,CoefficientOfVariation,CoefficientOfVariation_0,StandardDeviation,StandardDeviation_0
0,59.77011494252874,71.62162162162163,4.616983297846897,8.406260740434803,1.619074310768674,1.3149002865968302,7.475239050791944,11.053394656805404
