,Accuracy,Accuracy_0,AverageDeviation,AverageDeviation_0,CoefficientOfVariation,CoefficientOfVariation_0,StandardDeviation,StandardDeviation_0
0,65.51724137931035,72.82608695652173,2.5011155731058983,4.009040263424749,1.7115096822673241,1.4910981563743924,4.280683519840332,5.977872545623352
