,Accuracy,Accuracy_0,AverageDeviation,AverageDeviation_0,CoefficientOfVariation,CoefficientOfVariation_0,StandardDeviation,StandardDeviation_0
0,75.28089887640449,72.39819004524887,5.049713611602783,4.329005241394043,1.8084858655929565,1.5373964309692383,9.132335662841797,6.655397415161133
