,Accuracy,Accuracy_0,AverageDeviation,AverageDeviation_0,CoefficientOfVariation,CoefficientOfVariation_0,StandardDeviation,StandardDeviation_0
0,47.509578544061306,86.20689655172413,1.8343851913801221,7.8966339020893495,3.32476762803724,1.4566323310002594,6.0989045016515275,11.502492247856082
