,Origin,Predict
0,32.0,38.521523
1,30.1,32.172905
2,35.6,34.22312
3,39.3,40.61101
4,51.1,44.367733
5,0.0,5.8831024
6,52.3,49.46087
7,44.5,48.030376
8,47.8,41.564964
9,39.9,39.58734
10,35.3,36.77824
11,32.6,31.640257
12,0.0,10.8544445
13,28.8,31.780277
14,29.9,31.312645
15,27.3,32.74878
16,39.1,37.91346
17,40.6,41.711502
18,43.4,39.785225
19,0.0,5.4035373
20,36.5,35.725296
21,34.6,31.388517
22,25.9,27.226717
23,21.3,22.30444
24,17.9,22.043516
25,20.9,23.910812
26,0.0,1.0089656
27,20.3,17.483223
28,18.6,17.874372
29,19.5,21.399137
