,Accuracy,Accuracy_0,AverageDeviation,AverageDeviation_0,CoefficientOfVariation,CoefficientOfVariation_0,StandardDeviation,StandardDeviation_0
0,72.03065134099617,69.14285714285714,5.388904964444281,5.033912338529315,1.4426854028258862,1.3318996482173584,7.774494529419716,6.704666072844214
