,Accuracy,Accuracy_0,AverageDeviation,AverageDeviation_0,CoefficientOfVariation,CoefficientOfVariation_0,StandardDeviation,StandardDeviation_0
0,73.9463601532567,71.55172413793103,7.58910740882273,7.435514337145569,1.5079327501112734,1.5279130085437986,11.4438636058759,11.360819080938635
