,Origin,Predict
0,26.2,26.17155
1,28.0,25.671736
2,27.2,25.035782
3,22.2,27.28704
4,16.2,21.294533
5,0.0,3.6544187
6,19.6,19.97916
7,22.2,19.981165
8,11.6,17.6866
9,21.3,20.881495
10,20.0,22.985765
11,21.4,20.562946
12,0.0,0.5042508
13,22.4,23.896032
14,20.8,23.80915
15,23.2,18.40771
16,19.3,19.358618
17,16.7,17.311905
18,14.4,17.4482
19,0.0,0.63537127
20,21.7,21.595488
21,22.8,22.200848
22,17.4,17.461172
23,17.8,20.220795
24,17.8,15.621713
25,17.6,16.130205
26,0.0,2.9467335
27,21.0,18.806139
28,22.6,21.32795
29,20.5,23.856194
