,Accuracy,Accuracy_0,AverageDeviation,AverageDeviation_0,CoefficientOfVariation,CoefficientOfVariation_0,StandardDeviation,StandardDeviation_0
0,73.5632183908046,68.05555555555556,1.320807415606647,1.2211135647915032,1.4386328428266286,1.4100175064779403,1.9001569271406828,1.7217915037537042
