,Accuracy,Accuracy_0,AverageDeviation,AverageDeviation_0,CoefficientOfVariation,CoefficientOfVariation_0,StandardDeviation,StandardDeviation_0
0,58.23754789272031,64.70588235294117,3.812444758911928,10.878595673570441,2.1687746204536005,1.3241757811366508,8.268333435009536,14.405172923719928
