,Origin,Predict
0,0.0,0.19390768
1,0.0,0.44245613
2,0.0,0.021058679
3,0.0,0.27514368
4,0.0,0.020302312
5,0.0,0.123768635
6,0.0,0.51394355
7,0.0,0.09804825
8,0.0,0.12237968
9,0.0,0.074849404
10,0.0,0.51396674
11,0.0,0.20149826
12,0.0,0.018030562
13,0.0,0.22436784
14,0.0,0.15064406
15,0.0,0.0036747095
16,0.0,0.20264368
17,0.0,0.28383118
18,0.0,0.22698529
19,0.0,0.41940632
20,0.0,0.50507736
21,0.0,1.1119237
22,0.0,1.0499687
23,0.0,0.7520649
24,0.0,0.014854127
25,0.0,0.28820434
26,0.0,0.03063092
27,0.0,0.25947827
28,0.0,0.26049197
29,0.0,0.5680828
