,Accuracy,Accuracy_0,AverageDeviation,AverageDeviation_0,CoefficientOfVariation,CoefficientOfVariation_0,StandardDeviation,StandardDeviation_0
0,76.77902621722846,71.69811320754717,14113.6416015625,13121.72265625,1.4480834007263184,1.3918753862380981,20437.73046875,18263.802734375
