,Accuracy,Accuracy_0,AverageDeviation,AverageDeviation_0,CoefficientOfVariation,CoefficientOfVariation_0,StandardDeviation,StandardDeviation_0
0,58.052434456928836,66.66666666666666,52.781982421875,63.76774215698242,1.8181700706481934,1.5932648181915283,95.96662139892578,101.5988998413086
