,Accuracy,Accuracy_0,AverageDeviation,AverageDeviation_0,CoefficientOfVariation,CoefficientOfVariation_0,StandardDeviation,StandardDeviation_0
0,74.53183520599251,71.49532710280374,2489.79443359375,2810.87548828125,1.5440466403961182,1.4622366428375244,3844.358642578125,4110.1650390625
