,Origin,Predict
0,16.0,13.836093
1,13.0,13.679659
2,13.0,14.298032
3,16.0,15.228089
4,15.0,15.148392
5,15.5,14.490116
6,0.0,0.34297746
7,16.0,15.5223875
8,16.0,14.008107
9,15.5,15.345913
10,16.0,14.41859
11,15.0,15.418322
12,16.0,15.683505
13,0.0,0.5296277
14,16.0,17.03584
15,16.0,14.819093
16,15.5,14.930857
17,15.5,16.142275
18,15.5,15.880624
19,15.5,15.074192
20,0.0,0.30615538
21,16.0,16.242714
22,15.0,15.600795
23,16.0,15.121748
24,16.0,16.413336
25,16.0,16.012081
26,15.0,15.239638
27,0.0,1.000887
28,16.0,15.623871
29,15.5,16.3415
