,Accuracy,Accuracy_0,AverageDeviation,AverageDeviation_0,CoefficientOfVariation,CoefficientOfVariation_0,StandardDeviation,StandardDeviation_0
0,68.91385767790263,61.386138613861384,8.059147834777832,7.245173454284668,1.5181117057800293,1.3586983680725098,12.234686851501465,9.844005584716797
