,Accuracy,Accuracy_0,AverageDeviation,AverageDeviation_0,CoefficientOfVariation,CoefficientOfVariation_0,StandardDeviation,StandardDeviation_0
0,84.67432950191571,87.5,16.277598149646288,14.830746173858643,1.24622022557742,1.251111239370251,20.28547203791079,18.554913226361894
