,Origin,Predict
0,0.0,15.284014
1,0.0,13.1397915
2,85.0,48.099613
3,85.0,82.52999
4,0.0,39.16252
5,85.0,71.20131
6,0.0,28.401535
7,0.0,3.6592937
8,0.0,28.896132
9,80.0,76.4297
10,0.0,31.440948
11,80.0,74.43689
12,0.0,26.802761
13,0.0,8.1730175
14,85.0,55.232346
15,85.0,77.14382
16,0.0,30.451223
17,0.0,10.89429
18,80.0,49.33175
19,0.0,5.07815
20,0.0,24.34212
21,80.0,75.94693
22,85.0,66.19798
23,0.0,6.2867117
24,0.0,21.092413
25,80.0,81.91763
26,85.0,70.51582
27,0.0,3.7027118
28,85.0,95.94045
29,0.0,23.856466
