,Accuracy,Accuracy_0,AverageDeviation,AverageDeviation_0,CoefficientOfVariation,CoefficientOfVariation_0,StandardDeviation,StandardDeviation_0
0,77.15355805243446,72.47706422018348,317.689453125,319.9559631347656,1.632888913154602,1.5737329721450806,518.7515869140625,503.5252380371094
