,Origin,Predict
0,0.0,11.564138
1,0.0,7.2766013
2,30.0,27.957073
3,30.0,30.301115
4,30.0,32.040905
5,30.0,23.75483
6,30.0,29.754108
7,30.0,28.716944
8,0.0,5.7350717
9,30.0,28.63962
10,30.0,34.54738
11,58.6,43.6962
12,30.0,34.549824
13,30.0,23.101488
14,30.0,36.579872
15,30.0,24.49207
16,30.0,33.72687
17,0.0,0.97355014
18,0.0,2.7435403
19,30.0,24.769444
20,30.0,32.756424
21,30.0,29.043896
22,0.0,0.18511361
23,30.0,33.26115
24,30.0,30.682203
25,30.0,31.587574
26,30.0,30.242416
27,30.0,27.246235
28,30.0,32.28372
29,0.0,2.2818372
