,Accuracy,Accuracy_0,AverageDeviation,AverageDeviation_0,CoefficientOfVariation,CoefficientOfVariation_0,StandardDeviation,StandardDeviation_0
0,79.6934865900383,76.54867256637168,6.59191881723388,6.673078291078584,1.479879935682728,1.4806521848218632,9.755248395273838,9.88050795117285
