,Accuracy,Accuracy_0,AverageDeviation,AverageDeviation_0,CoefficientOfVariation,CoefficientOfVariation_0,StandardDeviation,StandardDeviation_0
0,73.5632183908046,67.3076923076923,4.496059615340556,3.7546858594967762,1.507920505657503,1.4285660052359441,6.779700488630609,5.363816579217197
