,Origin,Predict
0,66.6,70.717285
1,73.3,76.14443
2,73.9,67.2805
3,80.0,81.56086
4,80.0,85.040665
5,82.1,84.357086
6,0.0,3.8499656
7,83.9,80.62009
8,83.7,87.070564
9,82.1,79.15874
10,84.2,89.44953
11,84.6,83.02099
12,87.6,82.110596
13,0.0,7.5895815
14,84.4,80.27577
15,89.3,83.394005
16,87.5,84.35345
17,86.7,89.3309
18,90.0,83.69906
19,93.0,87.43035
20,0.0,4.8166323
21,90.0,95.61927
22,96.7,97.84839
23,96.7,89.19122
24,100.0,94.56664
25,104.0,95.11688
26,98.6,102.42603
27,0.0,10.408721
28,99.4,90.60731
29,102.0,87.27316
