,Accuracy,Accuracy_0,AverageDeviation,AverageDeviation_0,CoefficientOfVariation,CoefficientOfVariation_0,StandardDeviation,StandardDeviation_0
0,64.36781609195403,60.264900662251655,28.036218099210455,25.796804418627,1.5850458704422534,1.4975577901361825,44.438691720971896,38.63220541773436
