,Origin,Predict
0,0.0,12.996713
1,0.0,2.7736127
2,0.0,6.0529985
3,0.0,5.6323752
4,0.0,4.4895897
5,0.0,3.6625881
6,0.0,3.010989
7,0.0,3.6790326
8,0.0,1.758994
9,0.0,2.542966
10,0.0,1.6130612
11,0.0,0.91917187
12,0.0,3.6910036
13,0.0,7.7633843
14,0.0,1.1838149
15,0.0,5.2369947
16,0.0,1.1653103
17,0.0,2.5211427
18,0.0,0.6702761
19,0.0,3.2199833
20,0.0,0.67374796
21,0.0,9.071182
22,25.0,6.4441466
23,0.0,3.5041873
24,0.0,15.34356
25,33.0,18.957754
26,0.0,19.319326
27,39.0,5.8279743
28,0.0,15.49705
29,0.0,17.125479
