,Accuracy,Accuracy_0,AverageDeviation,AverageDeviation_0,CoefficientOfVariation,CoefficientOfVariation_0,StandardDeviation,StandardDeviation_0
0,67.41573033707866,70.80745341614907,13.507511138916016,16.037633895874023,1.7615487575531006,1.5372116565704346,23.794139862060547,24.65323829650879
