,Accuracy,Accuracy_0,AverageDeviation,AverageDeviation_0,CoefficientOfVariation,CoefficientOfVariation_0,StandardDeviation,StandardDeviation_0
0,61.79775280898876,63.49206349206349,4.104122161865234,10.949958801269531,2.3280515670776367,1.5527316331863403,9.554608345031738,17.002347946166992
