,Accuracy,Accuracy_0,AverageDeviation,AverageDeviation_0,CoefficientOfVariation,CoefficientOfVariation_0,StandardDeviation,StandardDeviation_0
0,70.0374531835206,64.88888888888889,2.9547481536865234,1.6519889831542969,2.0953192710876465,1.7696805000305176,6.191140651702881,2.923492670059204
