,Accuracy,Accuracy_0,AverageDeviation,AverageDeviation_0,CoefficientOfVariation,CoefficientOfVariation_0,StandardDeviation,StandardDeviation_0
0,80.45977011494253,77.1689497716895,10.94553137832675,10.294201008696534,1.3380302755830056,1.308661774659086,14.645452366544976,13.471627360738161
