,Accuracy,Accuracy_0,AverageDeviation,AverageDeviation_0,CoefficientOfVariation,CoefficientOfVariation_0,StandardDeviation,StandardDeviation_0
0,71.53558052434457,73.29545454545455,8.158859252929688,8.905516624450684,1.799870252609253,1.6468826532363892,14.684887886047363,14.666340827941895
