,Accuracy,Accuracy_0,AverageDeviation,AverageDeviation_0,CoefficientOfVariation,CoefficientOfVariation_0,StandardDeviation,StandardDeviation_0
0,62.45210727969349,76.31578947368422,4.119492247214691,11.379809077162491,1.8522491866068163,1.243180195641101,7.630326164136497,14.147153274905245
