,Origin,Predict
0,0.0,2.021776
1,0.0,0.047477707
2,0.0,1.6099929
3,0.0,1.2877072
4,0.0,0.94783884
5,0.0,0.6099319
6,0.0,0.27844065
7,0.0,2.2305017
8,0.0,0.32097077
9,0.0,1.186895
10,0.0,1.4232465
11,0.0,0.80534846
12,0.0,0.41760316
13,0.0,0.9086488
14,0.0,0.82286114
15,0.0,1.7244943
16,6.0,2.4204187
17,0.0,1.4166138
18,5.0,0.026344126
19,0.0,0.34433436
20,0.0,0.37654242
21,0.0,0.2324951
22,0.0,0.40099025
23,0.0,0.8418197
24,0.0,0.2719371
25,0.0,1.3169501
26,0.0,0.69196826
27,0.0,0.13564216
28,0.0,1.0089562
29,0.0,1.0359122
