,Accuracy,Accuracy_0,AverageDeviation,AverageDeviation_0,CoefficientOfVariation,CoefficientOfVariation_0,StandardDeviation,StandardDeviation_0
0,70.0374531835206,74.46808510638297,663.7212524414062,786.6273193359375,1.5458263158798218,1.419777512550354,1025.997802734375,1116.8358154296875
