,Accuracy,Accuracy_0,AverageDeviation,AverageDeviation_0,CoefficientOfVariation,CoefficientOfVariation_0,StandardDeviation,StandardDeviation_0
0,68.19923371647509,62.82051282051282,15.101643330628457,22.844922864972016,1.445775867896153,1.3618438428887518,21.83359149299751,31.111217544930604
