,Accuracy,Accuracy_0,AverageDeviation,AverageDeviation_0,CoefficientOfVariation,CoefficientOfVariation_0,StandardDeviation,StandardDeviation_0
0,70.0374531835206,62.857142857142854,13.423599243164062,10.55964469909668,1.9360480308532715,2.0520172119140625,25.988733291625977,21.6685733795166
