,Origin,Predict
0,30.5,32.903736
1,32.2,31.670012
2,32.0,31.685514
3,0.0,0.35118797
4,34.0,33.578094
5,32.5,34.6012
6,31.6,32.680626
7,31.4,30.809328
8,31.2,30.788284
9,34.8,32.643
10,0.0,0.49405593
11,32.5,30.936407
12,32.0,29.991388
13,28.9,28.46201
14,26.4,26.681845
15,25.1,25.835775
16,27.7,25.058878
17,0.0,1.30605
18,26.3,23.832134
19,24.1,23.659264
20,20.1,19.275417
21,17.6,16.748493
22,22.0,18.411703
23,20.3,21.387299
24,0.0,0.96807384
25,18.1,18.491556
26,16.8,17.952261
27,15.0,14.125122
28,13.0,14.721709
29,22.3,20.637066
