,Accuracy,Accuracy_0,AverageDeviation,AverageDeviation_0,CoefficientOfVariation,CoefficientOfVariation_0,StandardDeviation,StandardDeviation_0
0,81.60919540229885,78.45303867403315,3.931085135396641,3.3972566396491963,1.7350736151098618,1.913629073882893,6.82072209717729,6.5010890770744005
