,Accuracy,Accuracy_0,AverageDeviation,AverageDeviation_0,CoefficientOfVariation,CoefficientOfVariation_0,StandardDeviation,StandardDeviation_0
0,65.90038314176245,58.93719806763285,2.8871117916543367,2.801434666177501,1.3929740280818523,1.3711569943026,4.021671741943355,3.8412067366110505
