,Accuracy,Accuracy_0,AverageDeviation,AverageDeviation_0,CoefficientOfVariation,CoefficientOfVariation_0,StandardDeviation,StandardDeviation_0
0,88.88888888888889,97.19626168224299,2.405027907020573,2.506618120959986,1.871883480501801,1.8102009529107883,4.501932009297632,4.537482511145217
