,Accuracy,Accuracy_0,AverageDeviation,AverageDeviation_0,CoefficientOfVariation,CoefficientOfVariation_0,StandardDeviation,StandardDeviation_0
0,65.51724137931035,73.94957983193278,3.2883390708690876,4.617700380637867,1.631678453629351,1.443257215747307,5.365512010164649,6.6645293945146875
