,Accuracy,Accuracy_0,AverageDeviation,AverageDeviation_0,CoefficientOfVariation,CoefficientOfVariation_0,StandardDeviation,StandardDeviation_0
0,70.0374531835206,69.06077348066299,52.89726638793945,53.830223083496094,1.4893561601638794,1.3705580234527588,78.78286743164062,73.7774429321289
