,Accuracy,Accuracy_0,AverageDeviation,AverageDeviation_0,CoefficientOfVariation,CoefficientOfVariation_0,StandardDeviation,StandardDeviation_0
0,66.29213483146067,60.0,7.981600761413574,6.837035655975342,1.852266550064087,1.702225685119629,14.784051895141602,11.638177871704102
