,Origin,Predict
0,0.0,5.774597
1,0.0,1.8177007
2,0.0,1.9128928
3,0.0,2.2830336
4,0.0,6.3905816
5,0.0,1.6197585
6,0.0,5.9140754
7,0.0,0.5427858
8,0.0,5.4925313
9,0.0,8.178288
10,0.0,13.066055
11,51.0,8.475328
12,0.0,9.022354
13,0.0,3.0050015
14,0.0,10.096396
15,0.0,18.689491
16,47.0,15.515648
17,0.0,14.491221
18,0.0,8.87736
19,0.0,3.6679463
20,0.0,6.605576
21,0.0,4.271067
22,0.0,0.78699404
23,0.0,1.5717083
24,0.0,1.80108
25,0.0,2.8231258
26,0.0,5.078741
27,0.0,8.677231
28,0.0,3.378208
29,0.0,3.2868948
