,Accuracy,Accuracy_0,AverageDeviation,AverageDeviation_0,CoefficientOfVariation,CoefficientOfVariation_0,StandardDeviation,StandardDeviation_0
0,67.79026217228464,61.46788990825688,4.963640213012695,4.11609411239624,1.6710476875305176,1.5049031972885132,8.294479370117188,6.1943230628967285
