,Accuracy,Accuracy_0,AverageDeviation,AverageDeviation_0,CoefficientOfVariation,CoefficientOfVariation_0,StandardDeviation,StandardDeviation_0
0,65.91760299625467,63.95348837209303,10.37413215637207,9.318594932556152,2.0141069889068604,2.021240711212158,20.894611358642578,18.83512306213379
