,Accuracy,Accuracy_0,AverageDeviation,AverageDeviation_0,CoefficientOfVariation,CoefficientOfVariation_0,StandardDeviation,StandardDeviation_0
0,64.7940074906367,59.19282511210763,16.560808181762695,15.932690620422363,2.840646743774414,3.098231554031372,47.04340744018555,49.363162994384766
