,Origin,Predict
0,15.0,13.643564
1,0.0,0.058578987
2,15.0,17.976667
3,18.0,14.210723
4,18.0,17.731432
5,18.0,21.887766
6,25.0,22.308718
7,18.8,16.401787
8,0.0,4.365845
9,31.8,28.630102
10,27.9,26.457588
11,23.0,26.851658
12,26.0,23.044538
13,23.0,17.752005
14,0.0,10.811703
15,0.0,3.7558572
16,23.7,22.680367
17,22.8,24.094028
18,20.1,20.122925
19,19.0,19.936079
20,19.0,21.10693
21,18.0,16.883104
22,0.0,0.8778765
23,19.3,19.680204
24,22.0,21.606934
25,19.5,19.637737
26,18.0,18.278288
27,17.6,19.401264
28,20.0,17.263926
29,0.0,2.6668916
