,Accuracy,Accuracy_0,AverageDeviation,AverageDeviation_0,CoefficientOfVariation,CoefficientOfVariation_0,StandardDeviation,StandardDeviation_0
0,74.53183520599251,69.76744186046511,17.85993766784668,15.390360832214355,1.8660974502563477,1.8176599740982056,33.32838439941406,27.974443435668945
