,Accuracy,Accuracy_0,AverageDeviation,AverageDeviation_0,CoefficientOfVariation,CoefficientOfVariation_0,StandardDeviation,StandardDeviation_0
0,67.79026217228464,61.46788990825688,194.59690856933594,194.81019592285156,1.4428725242614746,1.455889105796814,280.7785339355469,283.6220397949219
