,Accuracy,Accuracy_0,AverageDeviation,AverageDeviation_0,CoefficientOfVariation,CoefficientOfVariation_0,StandardDeviation,StandardDeviation_0
0,77.52808988764045,72.3076923076923,19.681827545166016,20.924427032470703,1.6267777681350708,1.639816164970398,32.01795959472656,34.31221389770508
