,Accuracy,Accuracy_0,AverageDeviation,AverageDeviation_0,CoefficientOfVariation,CoefficientOfVariation_0,StandardDeviation,StandardDeviation_0
0,74.71264367816092,70.9090909090909,4.160635524308769,3.894342862692745,1.4080315898639009,1.362134298044722,5.858306252136701,5.304617981619455
