,Accuracy,Accuracy_0,AverageDeviation,AverageDeviation_0,CoefficientOfVariation,CoefficientOfVariation_0,StandardDeviation,StandardDeviation_0
0,60.53639846743295,63.41463414634146,2.6505921454926216,8.976940051947787,2.3592089239422585,1.4338051188374916,6.25330064337745,12.871182597980035
