,Origin,Predict
0,0.0,0.025681065
1,0.0,0.05967418
2,0.0,0.43174264
3,0.0,0.077002436
4,0.0,0.6917963
5,0.0,0.3597221
6,0.0,0.09067577
7,0.0,0.16207193
8,0.0,0.26633367
9,0.0,0.32678857
10,0.0,0.12549834
11,0.0,0.27851632
12,0.0,0.1449975
13,0.0,0.019788807
14,0.0,0.26180255
15,0.0,0.09974691
16,0.0,0.30936933
17,0.0,0.0021834201
18,0.0,0.366822
19,0.0,0.05126465
20,0.0,0.19977884
21,0.0,0.06814259
22,0.0,0.2254075
23,0.0,0.15737532
24,0.0,0.16020338
25,0.0,0.122190215
26,0.0,0.1290987
27,0.0,0.10928013
28,0.0,0.39310512
29,0.0,0.097263984
