,Accuracy,Accuracy_0,AverageDeviation,AverageDeviation_0,CoefficientOfVariation,CoefficientOfVariation_0,StandardDeviation,StandardDeviation_0
0,77.01149425287356,73.27188940092167,10.254288806449411,10.074893756286341,1.4615631546350938,1.4909853843124845,14.987290696493531,15.02151933912404
