,Origin,Predict
0,0.0,15.856925
1,76.5,69.2318
2,66.7,58.7462
3,82.1,70.74935
4,63.1,76.181694
5,60.0,70.17181
6,45.1,35.826187
7,0.0,11.843562
8,42.5,47.443478
9,35.0,42.141045
10,34.0,44.532192
11,37.6,30.28504
12,43.8,37.07119
13,50.3,48.049942
14,0.0,17.908398
15,76.3,60.45939
16,63.8,49.9677
17,60.5,56.868538
18,52.2,51.545044
19,37.0,44.07369
20,37.5,47.245083
21,40.5,9.705953
22,0.0,23.205275
23,0.0,8.009992
24,38.8,29.095585
25,45.1,45.62661
26,47.8,50.44229
27,46.4,39.864628
28,0.0,7.58349
29,30.2,25.93612
