,Accuracy,Accuracy_0,AverageDeviation,AverageDeviation_0,CoefficientOfVariation,CoefficientOfVariation_0,StandardDeviation,StandardDeviation_0
0,65.51724137931035,70.49180327868852,6.598497220586049,18.919301739896905,2.7804892387152846,1.7306759745512914,18.347050513532224,32.74318097652602
