,Accuracy,Accuracy_0,AverageDeviation,AverageDeviation_0,CoefficientOfVariation,CoefficientOfVariation_0,StandardDeviation,StandardDeviation_0
0,63.601532567049816,72.72727272727273,4.161349693224034,5.4676642851396045,1.4189373121183748,1.3257276877724453,5.904694348487935,7.248633930254107
