,Accuracy,Accuracy_0,AverageDeviation,AverageDeviation_0,CoefficientOfVariation,CoefficientOfVariation_0,StandardDeviation,StandardDeviation_0
0,73.18007662835248,68.69158878504673,5.839074044489085,5.3691999009627605,1.5026595021467486,1.52481798486006,8.77414009668997,8.18705257329687
