,Origin,Predict
0,19.0,16.212624
1,19.0,17.771133
2,19.0,24.1092
3,20.0,14.59172
4,20.0,21.324911
5,22.0,23.915266
6,27.0,20.362911
7,0.0,2.7267702
8,0.0,0.7939576
9,0.0,3.0894887
10,0.0,5.4312663
11,0.0,9.803948
12,27.0,21.229141
13,30.0,33.54212
14,30.0,33.164116
15,30.0,30.992887
16,30.0,18.34981
17,0.0,7.6149225
18,31.0,24.42458
19,32.0,28.74008
20,32.0,36.220406
21,35.0,27.76644
22,0.0,7.294374
23,0.0,7.769411
24,0.0,5.0703473
25,46.0,34.84699
26,15.0,28.095888
27,46.0,29.855139
28,20.0,30.324802
29,35.0,23.99198
