,Accuracy,Accuracy_0,AverageDeviation,AverageDeviation_0,CoefficientOfVariation,CoefficientOfVariation_0,StandardDeviation,StandardDeviation_0
0,70.49808429118774,75.17241379310344,8.62493107957173,9.140833503131214,1.5472114716508774,1.4669547492190462,13.344592308511567,13.409189119238905
