,Origin,Predict
0,0.0,5.7050505
1,0.0,8.716397
2,0.0,1.1747711
3,0.0,5.706655
4,0.0,4.1846313
5,37.0,32.13194
6,0.0,0.9931402
7,0.0,12.299738
8,40.0,18.114368
9,0.0,6.2483444
10,0.0,1.889314
11,0.0,4.156415
12,15.0,22.04467
13,0.0,8.774779
14,0.0,6.102069
15,0.0,0.08108303
16,0.0,1.4597673
17,0.0,3.2598305
18,0.0,6.88216
19,60.0,28.928122
20,0.0,6.194012
21,0.0,5.940122
22,0.0,0.89363855
23,0.0,2.3962631
24,0.0,2.3154113
25,0.0,5.261447
26,0.0,7.7558894
27,0.0,9.275898
28,0.0,2.5377874
29,0.0,6.597912
