,Accuracy,Accuracy_0,AverageDeviation,AverageDeviation_0,CoefficientOfVariation,CoefficientOfVariation_0,StandardDeviation,StandardDeviation_0
0,63.29588014981273,51.298701298701296,33.42133712768555,31.070737838745117,1.688958764076233,1.5475494861602783,56.447261810302734,48.08350372314453
