,Accuracy,Accuracy_0,AverageDeviation,AverageDeviation_0,CoefficientOfVariation,CoefficientOfVariation_0,StandardDeviation,StandardDeviation_0
0,68.96551724137932,72.72727272727273,7.4811052463456305,9.801886244253678,1.51779954913552,1.3926061251211337,11.354818169938772,13.650166821488257
