,Accuracy,Accuracy_0,AverageDeviation,AverageDeviation_0,CoefficientOfVariation,CoefficientOfVariation_0,StandardDeviation,StandardDeviation_0
0,54.78927203065134,60.526315789473685,1.9389221688022862,7.026759264010348,2.2330732437216128,1.309668416603201,4.329755216811066,9.202724679148307
