,Accuracy,Accuracy_0,AverageDeviation,AverageDeviation_0,CoefficientOfVariation,CoefficientOfVariation_0,StandardDeviation,StandardDeviation_0
0,76.77902621722846,74.44933920704845,4.1326093673706055,3.389368772506714,1.872880220413208,1.8893837928771973,7.739882469177246,6.403818607330322
