,Accuracy,Accuracy_0,AverageDeviation,AverageDeviation_0,CoefficientOfVariation,CoefficientOfVariation_0,StandardDeviation,StandardDeviation_0
0,62.546816479400746,70.0,7.271472454071045,9.708646774291992,2.345062255859375,1.837512493133545,17.05205535888672,17.839759826660156
