,Accuracy,Accuracy_0,AverageDeviation,AverageDeviation_0,CoefficientOfVariation,CoefficientOfVariation_0,StandardDeviation,StandardDeviation_0
0,73.40823970037454,76.55172413793103,818.9221801757812,1308.2685546875,1.5737414360046387,1.294080138206482,1288.771728515625,1693.00439453125
