,Accuracy,Accuracy_0,AverageDeviation,AverageDeviation_0,CoefficientOfVariation,CoefficientOfVariation_0,StandardDeviation,StandardDeviation_0
0,78.9272030651341,75.79908675799086,3.358887263710014,3.3557267104109654,1.4582684537354487,1.4839294300972166,4.898159336322094,4.9796616249421515
