,Accuracy,Accuracy_0,AverageDeviation,AverageDeviation_0,CoefficientOfVariation,CoefficientOfVariation_0,StandardDeviation,StandardDeviation_0
0,60.15325670498084,54.929577464788736,7.730225103713262,13.740866063346326,2.076568592061609,1.4210774761346325,16.052342659937153,19.52683526520422
