,Accuracy,Accuracy_0,AverageDeviation,AverageDeviation_0,CoefficientOfVariation,CoefficientOfVariation_0,StandardDeviation,StandardDeviation_0
0,42.69662921348314,68.29268292682927,4.740547180175781,18.445466995239258,2.318075656890869,1.3007187843322754,10.988946914672852,23.99236488342285
