,Accuracy,Accuracy_0,AverageDeviation,AverageDeviation_0,CoefficientOfVariation,CoefficientOfVariation_0,StandardDeviation,StandardDeviation_0
0,68.53932584269663,65.71428571428571,10.937129974365234,12.685199737548828,1.6655057668685913,1.477398157119751,18.215852737426758,18.741090774536133
