,Accuracy,Accuracy_0,AverageDeviation,AverageDeviation_0,CoefficientOfVariation,CoefficientOfVariation_0,StandardDeviation,StandardDeviation_0
0,72.79693486590038,72.39263803680981,11.146908597464021,11.51685862947095,1.5479197231304391,1.5990843388306113,17.25451966994682,18.416428266913172
