,Accuracy,Accuracy_0,AverageDeviation,AverageDeviation_0,CoefficientOfVariation,CoefficientOfVariation_0,StandardDeviation,StandardDeviation_0
0,70.4119850187266,65.76576576576578,9.506380081176758,9.024330139160156,1.6728909015655518,1.6273753643035889,15.903136253356934,14.685972213745117
