,Accuracy,Accuracy_0,AverageDeviation,AverageDeviation_0,CoefficientOfVariation,CoefficientOfVariation_0,StandardDeviation,StandardDeviation_0
0,74.90636704119851,70.98214285714286,3.84104061126709,3.6512794494628906,2.014650344848633,2.108027219772339,7.738353729248047,7.696996212005615
