,Accuracy,Accuracy_0,AverageDeviation,AverageDeviation_0,CoefficientOfVariation,CoefficientOfVariation_0,StandardDeviation,StandardDeviation_0
0,76.02996254681648,71.42857142857143,13.891796112060547,14.028573036193848,1.4611594676971436,1.4594159126281738,20.29813003540039,20.473522186279297
