,Accuracy,Accuracy_0,AverageDeviation,AverageDeviation_0,CoefficientOfVariation,CoefficientOfVariation_0,StandardDeviation,StandardDeviation_0
0,74.71264367816092,71.10091743119266,3.417817708176214,3.029420884377365,1.4958428861744455,1.4135097710933149,5.112518305016437,4.282116020821557
