,Origin,Predict
0,0.0,0.80646586
1,14.6,12.799098
2,10.9,9.71924
3,11.6,11.983357
4,13.6,14.273912
5,14.6,14.183086
6,13.4,14.4155
7,0.0,2.645685
8,15.7,16.49712
9,17.9,17.661732
10,18.7,19.762518
11,17.9,18.946638
12,17.6,15.979807
13,12.2,14.2008095
14,0.0,1.2017125
15,14.9,14.266858
16,12.2,12.912311
17,12.4,13.596558
18,14.3,14.482331
19,14.1,15.249875
20,15.6,15.573486
21,0.0,2.7710173
22,16.4,15.710644
23,13.9,15.229379
24,13.3,14.416892
25,12.1,13.464351
26,11.9,13.989444
27,13.4,15.006142
28,0.0,0.65851694
29,13.2,12.828412
