,Accuracy,Accuracy_0,AverageDeviation,AverageDeviation_0,CoefficientOfVariation,CoefficientOfVariation_0,StandardDeviation,StandardDeviation_0
0,64.04494382022472,53.125,17.366436004638672,31.943716049194336,1.9012706279754639,1.3280531167984009,33.01829528808594,42.422950744628906
