,Accuracy,Accuracy_0,AverageDeviation,AverageDeviation_0,CoefficientOfVariation,CoefficientOfVariation_0,StandardDeviation,StandardDeviation_0
0,77.15355805243446,73.68421052631578,7019.1435546875,6948.0595703125,1.4288244247436523,1.376481533050537,10029.1240234375,9563.8759765625
