,Origin,Predict
0,0.0,11.395662
1,0.0,6.1044436
2,40.0,36.5574
3,20.0,27.98396
4,75.0,56.7251
5,0.0,17.103384
6,70.0,53.528652
7,0.0,13.488255
8,0.0,2.6676826
9,12.0,1.7523183
10,0.0,0.9246349
11,0.0,5.3499255
12,0.0,18.167583
13,0.0,15.631719
14,0.0,0.5148398
15,0.0,7.477823
16,0.0,11.284849
17,35.0,15.959158
18,3.0,13.843641
19,0.0,11.749452
20,0.0,8.074547
21,0.0,4.345165
22,0.0,1.8535016
23,0.0,0.3981265
24,0.0,3.4526181
25,0.0,5.268513
26,0.0,0.918875
27,0.0,3.7869003
28,0.0,1.5716038
29,0.0,2.547477
