,Accuracy,Accuracy_0,AverageDeviation,AverageDeviation_0,CoefficientOfVariation,CoefficientOfVariation_0,StandardDeviation,StandardDeviation_0
0,73.03370786516854,70.75471698113208,102.387939453125,111.8708267211914,1.6291111707687378,1.3945083618164062,166.80133056640625,156.0048065185547
