,Accuracy,Accuracy_0,AverageDeviation,AverageDeviation_0,CoefficientOfVariation,CoefficientOfVariation_0,StandardDeviation,StandardDeviation_0
0,72.65917602996255,68.30357142857143,11.744966506958008,11.434576034545898,1.6570202112197876,1.5481047630310059,19.461647033691406,17.701921463012695
