,Accuracy,Accuracy_0,AverageDeviation,AverageDeviation_0,CoefficientOfVariation,CoefficientOfVariation_0,StandardDeviation,StandardDeviation_0
0,65.51724137931035,60.35502958579882,8.820694718624098,9.550627866440271,1.7537329989574146,1.684379383787556,15.46914340178047,16.086880680458925
