,Origin,Predict
0,73.0,72.619804
1,0.0,1.4995023
2,73.0,73.88983
3,73.0,74.76335
4,73.0,69.937706
5,73.0,70.27388
6,73.0,69.06383
7,73.0,63.263138
8,0.0,4.210761
9,60.0,61.011395
10,60.0,61.4973
11,50.0,50.946964
12,50.0,47.63538
13,50.0,43.768833
14,50.0,53.458984
15,0.0,4.000865
16,50.0,55.86385
17,50.0,40.998817
18,40.0,35.640965
19,40.0,42.902424
20,40.0,33.13649
21,40.0,36.00288
22,0.0,6.8240576
23,33.0,35.764942
24,33.0,24.769604
25,33.0,26.311434
26,33.0,37.636547
27,33.0,23.598017
28,33.0,28.875061
29,0.0,1.3252778
