,Accuracy,Accuracy_0,AverageDeviation,AverageDeviation_0,CoefficientOfVariation,CoefficientOfVariation_0,StandardDeviation,StandardDeviation_0
0,51.34099616858238,55.00000000000001,11.029052579107292,54.82422643005848,2.126167582604064,1.120282117868394,23.449614060533666,61.41860049556229
