,Origin,Predict
0,46.3,53.343002
1,46.6,50.289204
2,48.1,31.813202
3,49.2,49.70703
4,51.0,58.555447
5,50.1,43.30306
6,0.0,5.408937
7,51.3,42.13523
8,52.8,58.093376
9,51.2,54.061325
10,47.9,47.151165
11,49.0,41.47623
12,48.0,45.48697
13,0.0,15.036608
14,45.5,43.706944
15,46.0,37.09151
16,48.4,46.894283
17,50.9,53.84232
18,53.5,44.297665
19,61.2,69.353096
20,69.1,55.909534
21,73.2,70.08327
22,0.0,10.461034
23,0.0,2.754277
24,56.0,45.448925
25,49.2,63.106018
26,58.0,54.265232
27,0.0,14.039891
28,75.7,68.950836
29,55.2,62.870426
